	title	artist	album	likeStatus	duration	videoId	albumId	artistId
656	Cry (Dont)	glue70	After School	LIKE	1:32	SzNt62yw-4M	MPREb_9GlGyPhoS1A	UCB4JZ3z7NjEzy82AupEGWNg
381	Witch Hunt	Zomby	Dedication	LIKE	1:47	HAdFPYAtPSk	MPREb_CFqK65NQqHZ	UCOYlATyfI4ceyExJblL2KCw
382	Riding with Death	Zomby	Dedication	LIKE	2:03	X9u9PmU0AjU	MPREb_CFqK65NQqHZ	UCOYlATyfI4ceyExJblL2KCw
383	A Devil Lay Here	Zomby	Dedication	LIKE	2:52	AG0MyRC5WXk	MPREb_CFqK65NQqHZ	UCOYlATyfI4ceyExJblL2KCw
808	Natalia's Song	Zomby	Dedication	LIKE	4:04	EYMAUYIFdAk	MPREb_CFqK65NQqHZ	UCOYlATyfI4ceyExJblL2KCw
809	Alothea	Zomby	Dedication	LIKE	2:50	fzjRjoYTG68	MPREb_CFqK65NQqHZ	UCOYlATyfI4ceyExJblL2KCw
760	Fire	Zimmer	Ceremony	LIKE	4:03	hfgFMstYhV8	MPREb_HcItUM0kWdY	UC2Hefe5zzjWTc-OUnomcFnQ
807	Eyja	Zimmer	.Wave, Vol. 2	LIKE	3:10	AGk3IDTL4Jo	MPREb_n3Zoo37ACl6	UC2Hefe5zzjWTc-OUnomcFnQ
759	Faded (Lido Remix)	ZHU	Faded (The Remixes)	LIKE	4:25	O9l3LStQfLo	MPREb_1mN1MFhHJtC	UCSw_oqIGG4dIo1GmnqUYdUA
517	Noid	Yves Tumor	Noid	LIKE	3:30	ijyI_O8rmqo	MPREb_igCg3sPKpI9	UC42tK0ySS5GfdaN-c6acQcA
543	Black Focus	Yussef Kamaal	Black Focus	LIKE	4:35	k3mJilIqzhM	MPREb_M7QWEt3hckg	UCCNsAuss6vs3IdLChZ3Bo9g
436	Connct	Young Montana?	Limerence	LIKE	5:28	sy1cX1RcAss	FEmusic_library_privately_owned_release_detailb_po_CKCA4sLKgvb7CBIJbGltZXJlbmNlGg15b3VuZyBtb250YW5hIgNncG0	FEmusic_library_privately_owned_artist_detaila_po_CKCA4sLKgvb7CBINeW91bmcgbW9udGFuYQ
484	See How	Young Fathers	Cocoa Sugar	LIKE	2:01	cmBhCmX8RmU	MPREb_3SC77oEVvxy	UCsw1eYgQHQnndIoGX7RbYWg
555	Toy	Young Fathers	Cocoa Sugar	LIKE	3:13	tH2X1MlTPcw	MPREb_3SC77oEVvxy	UCsw1eYgQHQnndIoGX7RbYWg
638	Be Good To Me Poly	Youandewan	There Is No Right Time	LIKE	5:07	xmaRBwLnA6s	MPREb_fNHNCWZnhC3	UCU6zBxNudv6wTSNC-B4MsTA
24	One More	Yaeji	One More	LIKE	3:22	QkplECPw4Jc	MPREb_mD2gquFpuZf	UCohh6h_Kyey44cs1DNRh4Ag
479	New York 93 (Single Version)	Yaeji	Yaeji	LIKE	3:24	JKlvD9guxOs	MPREb_DiqBLBHNqsm	UCohh6h_Kyey44cs1DNRh4Ag
380	Thinking Of	Weval	Easier	LIKE	2:36	B7hYQU_WC8w	MPREb_PPXJXBboxpg	UCJscGoudXZmNmADZX2Uk0hw
417	The Battle	Weval	Weval	LIKE	4:11	jY7_uc5c9Y0	MPREb_cuxayyTdtvy	UCJscGoudXZmNmADZX2Uk0hw
506	Intro	Weval	Weval	LIKE	2:20	2mRFv1k7DMk	MPREb_cuxayyTdtvy	UCJscGoudXZmNmADZX2Uk0hw
589	The Weight	Weval	The Weight	LIKE	4:46	PfqD_7BJeJ0	MPREb_TzUxcnSyhXf	UCJscGoudXZmNmADZX2Uk0hw
604	Gimme Some	Weval	Easier	LIKE	5:08	r4tJdmves4Q	MPREb_PPXJXBboxpg	UCJscGoudXZmNmADZX2Uk0hw
605	Heaven, Listen	Weval	The Weight	LIKE	3:21	AJZA3CX5QY4	MPREb_TzUxcnSyhXf	UCJscGoudXZmNmADZX2Uk0hw
606	Easier	Weval	Easier	LIKE	5:27	gpswi27jlYA	MPREb_PPXJXBboxpg	UCJscGoudXZmNmADZX2Uk0hw
379	Paracosm	Washed Out	Paracosm	LIKE	6:32	2xd2AEwSTe4	MPREb_uBenfYxZc5o	UC1rCT_Cy1pP1wnRcEUV3nPA
833	Within and Without	Washed Out	Within And Without	LIKE	3:32	kmSwuUQEKfs	MPREb_gLsLobPcMRj	UC1rCT_Cy1pP1wnRcEUV3nPA
378	Feat B	Vondelpark	NYC Stuff and NYC Bags EP	LIKE	4:51	VqlNeBGJbiw	MPREb_l6nnGUqrrOd	UCyN0KFQw2s3ylsW1-SY-SYQ
758	Where You Are (feat. Bella Hunter)	Vindata	Where You Are	LIKE	5:02	gqHVCZIuc0Y	MPREb_N4BUaobm5Vw	UCuBZ6xdVw4YIoU0XA4VcRyQ
677	Cosmos in Blue	Viken Arman	Willow	LIKE	5:45	BMGmBoUwDhQ	MPREb_0Cq6uQGp9F2	UCTEJX84ug6IYlppcEvPN67Q
374	Wit(z)	Valentin Stip	Angst	LIKE	4:38	5Y0RdIpKliM	MPREb_QOoBbDNFWjM	UChF_DP3XkNr0PWNUDFpOQDg
375	Gravels I & II	Valentin Stip	Anytime Will Do	LIKE	10:46	ALKKxkT7ZdQ	MPREb_LMOkoN5KYpb	UChF_DP3XkNr0PWNUDFpOQDg
376	Le Dormeur	Valentin Stip	Anytime Will Do	LIKE	3:28	S0pHUo5wkts	MPREb_LMOkoN5KYpb	UChF_DP3XkNr0PWNUDFpOQDg
377	Correlation	Valentin Stip	Sigh	LIKE	3:07	PH6IhQi3W7k	MPREb_eGaBhujH95k	UChF_DP3XkNr0PWNUDFpOQDg
416	Aveu	Valentin Stip	Sigh	LIKE	5:09	l708Lmh-S0s	MPREb_eGaBhujH95k	UChF_DP3XkNr0PWNUDFpOQDg
672	Night Walk	Uppermost	Night Walk	LIKE	4:47	zOWphZMD8OE	MPREb_JktKzn5MTO6	UCXgIV3yNH1eZ8iSfMywsqCA
474	This Doomsday	Unknown Mortal Orchestra	Sex & Food	LIKE	3:31	Tf7I3Zn6KPo	MPREb_YQbpvbqFahL	UCXMAKzy9duqBltrR8TrHmpQ
496	Chronos Feasts on His Children	Unknown Mortal Orchestra	Sex & Food	LIKE	1:41	f347wICGdeg	MPREb_YQbpvbqFahL	UCXMAKzy9duqBltrR8TrHmpQ
558	Ministry of Alienation	Unknown Mortal Orchestra	Sex & Food	LIKE	3:42	5y_yccEQnqk	MPREb_YQbpvbqFahL	UCXMAKzy9duqBltrR8TrHmpQ
570	The Internet of Love (That Way)	Unknown Mortal Orchestra	Sex & Food	LIKE	4:56	RUv05j-h5_w	MPREb_YQbpvbqFahL	UCXMAKzy9duqBltrR8TrHmpQ
486	Poem	U.S. Girls	In a Poem Unlimited	LIKE	3:31	v1qJEluhA78	MPREb_gwGsM72hmqL	UCCd5eooP2h6ZN7gJZ4XxOHw
493	Incidental Boogie	U.S. Girls	In a Poem Unlimited	LIKE	3:24	gZ7bQyguWCQ	MPREb_gwGsM72hmqL	UCCd5eooP2h6ZN7gJZ4XxOHw
514	L-Over	U.S. Girls	In a Poem Unlimited	LIKE	4:06	UrUVFwMnbfQ	MPREb_gwGsM72hmqL	UCCd5eooP2h6ZN7gJZ4XxOHw
528	Rage of Plastics	U.S. Girls	In a Poem Unlimited	LIKE	4:28	s9-iXK5KFfE	MPREb_gwGsM72hmqL	UCCd5eooP2h6ZN7gJZ4XxOHw
535	Rosebud	U.S. Girls	In a Poem Unlimited	LIKE	3:10	hdIXUkZS5q4	MPREb_gwGsM72hmqL	UCCd5eooP2h6ZN7gJZ4XxOHw
562	M.A.H.	U.S. Girls	In a Poem Unlimited	LIKE	2:55	A7izaFFOwD0	MPREb_gwGsM72hmqL	UCCd5eooP2h6ZN7gJZ4XxOHw
572	Velvet 4 Sale	U.S. Girls	In a Poem Unlimited	LIKE	3:45	VG-i1Vg1kTA	MPREb_gwGsM72hmqL	UCCd5eooP2h6ZN7gJZ4XxOHw
584	Time	U.S. Girls	In a Poem Unlimited	LIKE	7:49	jybtQEHvmTc	MPREb_gwGsM72hmqL	UCCd5eooP2h6ZN7gJZ4XxOHw
594	Pearly Gates	U.S. Girls	In a Poem Unlimited	LIKE	4:03	JPyagW1Ogbs	MPREb_gwGsM72hmqL	UCCd5eooP2h6ZN7gJZ4XxOHw
451	Solo	Totally Enormous Extinct Dinosaurs	Trouble	LIKE	5:48	jmnjkQnx04E	MPREb_HGz4GbGTg84	UCIzUuNT1-rqqfJCdRRVGBBA
463	Closer	Totally Enormous Extinct Dinosaurs	Trouble	LIKE	6:38	alX2UDCtUhM	MPREb_HGz4GbGTg84	UCIzUuNT1-rqqfJCdRRVGBBA
637	Preben Goes to Acapulco	Todd Terje	It's Album Time	LIKE	4:36	lQvmtJp9rWA	MPREb_QqRpSu8t1EE	UC0IiRfiEDA0GLLMufhUUOng
485	Basic Need	Tirzah	Devotion	LIKE	3:21	65Qh1yYdRVw	MPREb_uzUdf71X3ll	UCnqWaVNNo1J_I6QoIPvlz2w
489	Fine Again	Tirzah	Devotion	LIKE	2:54	kA5D6u_7wZ0	MPREb_uzUdf71X3ll	UCnqWaVNNo1J_I6QoIPvlz2w
507	Do You Know	Tirzah	Devotion	LIKE	3:38	_ccinIewbts	MPREb_uzUdf71X3ll	UCnqWaVNNo1J_I6QoIPvlz2w
601	Gladly	Tirzah	Devotion	LIKE	3:42	vZtO2xRHgFQ	MPREb_uzUdf71X3ll	UCnqWaVNNo1J_I6QoIPvlz2w
602	Go Now	Tirzah	Devotion	LIKE	3:07	KRI0exXzbys	MPREb_uzUdf71X3ll	UCnqWaVNNo1J_I6QoIPvlz2w
603	Devotion (feat. Coby Sey)	Tirzah	Devotion	LIKE	4:15	ZhkzZyaFFDM	MPREb_uzUdf71X3ll	UCnqWaVNNo1J_I6QoIPvlz2w
631	I'm Not Dancing	Tirzah	I'm Not Dancing	LIKE	2:17	va_iq5Z_tGs	MPREb_SjPaQHWbniV	UCdMMSqUvhipRBTmzlpKGsRA
806	In the Air III	Tim Hecker	Ravedeath, 1972	LIKE	4:01	2OOYPp51xv8	MPREb_Q7CLfss7WZv	UC-PVsgu8UpfcER8RfJqUgyQ
636	Charlie Bucket	Thrupence	Unfinished Business	LIKE	2:16	-Gt-kkiwIIg	MPREb_KqIZAz21Y65	UCKVWNhQjB1SiS4QrStJohqA
712	Postie	The Range	Nonfiction	LIKE	3:20	WeYVLG1bsV0	MPREb_BYDgeTZRJCK	UC5w8nL975NDAkuySzIjiKrA
481	Birth Of Creation	The Comet Is Coming	Trust In The Lifeforce Of The Deep Mystery	LIKE	5:05	dHj5YGimzbs	MPREb_fV3VWgik6b7	UCkhhyLDFuxeJnEVG0XhzzWA
575	Summon The Fire	The Comet Is Coming	Trust In The Lifeforce Of The Deep Mystery	LIKE	3:56	bfVFMRwALHg	MPREb_fV3VWgik6b7	UCkhhyLDFuxeJnEVG0XhzzWA
2	HEAVEN	The Blaze	DANCEHALL	LIKE	3:39	TVwVWt9MWdw	MPREb_dnXwSJ4EwxZ	UCAuJY7zgjkpk_zvujIEZILw
19	RUNAWAY	The Blaze	DANCEHALL	LIKE	4:15	f8-hDMjrkFA	MPREb_dnXwSJ4EwxZ	UCAuJY7zgjkpk_zvujIEZILw
513	MOUNT	The Blaze	DANCEHALL	LIKE	3:01	9LHyH0blr5M	MPREb_dnXwSJ4EwxZ	UCAuJY7zgjkpk_zvujIEZILw
552	Virile	The Blaze	Territory	LIKE	5:21	mRwAjRe67bo	MPREb_4euR9mEoBkd	UCAuJY7zgjkpk_zvujIEZILw
579	Prelude	The Blaze	Territory	LIKE	1:52	k96JVI_OHOo	MPREb_4euR9mEoBkd	UCAuJY7zgjkpk_zvujIEZILw
596	SHE	The Blaze	DANCEHALL	LIKE	3:38	W8JwFKDCW2U	MPREb_dnXwSJ4EwxZ	UCAuJY7zgjkpk_zvujIEZILw
597	QUEENS	The Blaze	DANCEHALL	LIKE	3:54	osbwAMp0In0	MPREb_dnXwSJ4EwxZ	UCAuJY7zgjkpk_zvujIEZILw
598	Territory	The Blaze	Territory	LIKE	4:36	Q82lz-ncN2Y	MPREb_4euR9mEoBkd	UCAuJY7zgjkpk_zvujIEZILw
599	Juvenile	The Blaze	Territory	LIKE	3:23	9-u7vada4HU	MPREb_4euR9mEoBkd	UCAuJY7zgjkpk_zvujIEZILw
761	Animal	The Acid	Liminal	LIKE	4:37	R6p0tyNwHP4	MPREb_YKW6fSUaz72	UCNcXNgHHNzVXLsl06pp16Ug
815	Ghost	The Acid	Liminal	LIKE	4:09	bkvtmnusXbU	MPREb_YKW6fSUaz72	UCNcXNgHHNzVXLsl06pp16Ug
805	Your Mouth	Telefon Tel Aviv	Immolate Yourself	LIKE	4:08	SUO5Ze155XU	MPREb_JnZbmhe982D	UCcBHW4E1Tb97HsMvV2z8pig
371	Jahara	Teebs	Collections 01	LIKE	2:52	d6N46oigsag	MPREb_OahPDUQBpbh	UC_ioFVKCiroFVULYhOBfZvg
844	Cook, Clean, Pay The Rent (New House Version)	Teebs	Collections 01	LIKE	2:31	vsILDMyy0rY	MPREb_OahPDUQBpbh	UC_ioFVKCiroFVULYhOBfZvg
635	Unlive	Superpoze	Opening	LIKE	4:09	n_Jpw81fccw	MPREb_nwh2ECM4wT0	UCNMmB8d-a-2Sgf8mrwOkTKA
756	Dim Lights and Meteorites (feat. Sorrow)	Submerse	Algorithms and Ghosts	LIKE	3:33	a5VJE9-Jx8U	MPREb_S6F0F15vAps	UCjtvC7kQZTtmJ9Y00cfMqLg
424	Haunted (feat. Sevdaliza)	Stwo	Haunted	LIKE	3:27	lhFoBcWkVPQ	MPREb_l9VZmtUjE7R	UCpuFvCUIfPGGMfCjxataNVQ
14	Blue Dome Escargot	Stereocalypse	Blue Marlin Ibiza Night & Day, Vol. 12	LIKE	6:27	Hd5iAgdcCHo	MPREb_blpPzBKRIhZ	UCI2MtJ6rkV9P9TOeiC7zo-g
370	Dusties n' 808s	Soul Keita	Inès	LIKE	5:30	8nSY0APZSow	MPREb_qDXkm9Kl9in	UCyuySOcm1OLGzjRe2I6h3vA
538	My Queen Is Harriet Tubman	Sons Of Kemet	Your Queen Is A Reptile	LIKE	5:38	-33ec1DgnuA	MPREb_XU6qGEJCmPH	UCPT3mSJk7wEloINrQauRwxQ
480	A Goood Sign	Soft Hair	Soft Hair	LIKE	4:23	3Dn_UT47ZO4	MPREb_Zn1LqL95oBF	UCVef8bvAwGa0TnYh6cQAYjw
369	Waited 4 U	Slow Magic	How To Run Away	LIKE	3:56	ShVl6nW0H5w	MPREb_bvgkNZ3NsRF	UCmUORL97OeG5TxWhVAsB40Q
556	Session Add	Skee Mask	Compro	LIKE	6:20	SWwj_1zEE_4	MPREb_RhnlXamYn21	UChdVRR6TIZYHZk9lNkqIoJw
567	Flyby Vfr	Skee Mask	Compro	LIKE	5:28	MIGd2HaokBs	MPREb_RhnlXamYn21	UChdVRR6TIZYHZk9lNkqIoJw
578	Muk FM	Skee Mask	Compro	LIKE	5:32	d72KVFAh5d0	MPREb_RhnlXamYn21	UChdVRR6TIZYHZk9lNkqIoJw
595	Vli	Skee Mask	Compro	LIKE	5:54	Lo81h-8MjTo	MPREb_RhnlXamYn21	UChdVRR6TIZYHZk9lNkqIoJw
755	On the Way	Short Stories	On The Way / Let It Go	LIKE	5:00	19A_1EVOvbc	MPREb_qa8FXhfiFO0	UC9hQh5LihvhnzzAsITi-9yQ
346	Places	Shlohmo	Bad Vibes	LIKE	5:03	gCayhANkI-k	MPREb_UwOf098Z76E	UCnCEHQJ4sNkIkkqsPp9u-Ag
347	It Was Whatever	Shlohmo	Bad Vibes	LIKE	4:05	I46kSoENeZw	MPREb_UwOf098Z76E	UCnCEHQJ4sNkIkkqsPp9u-Ag
348	Just Us	Shlohmo	Bad Vibes	LIKE	4:06	4FnvFpuDCFc	MPREb_UwOf098Z76E	UCnCEHQJ4sNkIkkqsPp9u-Ag
349	Seriously	Shlohmo	Bad Vibes	LIKE	3:11	Hk2X7ijK9TY	MPREb_UwOf098Z76E	UCnCEHQJ4sNkIkkqsPp9u-Ag
350	Anywhere But Here	Shlohmo	Bad Vibes - 5th Anniversary Edition	LIKE	3:38	aw_fFK2vcUU	MPREb_gsKYMvQf93V	UCnCEHQJ4sNkIkkqsPp9u-Ag
351	Birthday Beat	Shlohmo	Camping - EP	LIKE	3:15	1ookCoWY43g	MPREb_nCmXUoyUBtG	UCnCEHQJ4sNkIkkqsPp9u-Ag
352	Sippy Cup	Shlohmo	Camping - EP	LIKE	4:09	ZLlxVpETDsU	MPREb_nCmXUoyUBtG	UCnCEHQJ4sNkIkkqsPp9u-Ag
353	Ten Days of Falling	Shlohmo	Dark Red	LIKE	4:47	pVRTOH8pAzQ	MPREb_npgcvne7U0a	UCnCEHQJ4sNkIkkqsPp9u-Ag
354	Buried	Shlohmo	Dark Red	LIKE	6:56	9nCL_DQNduU	MPREb_npgcvne7U0a	UCnCEHQJ4sNkIkkqsPp9u-Ag
355	Later	Shlohmo	Laid Out - EP	LIKE	6:27	RfUWVpIodKw	MPREb_k3YkwLC7ksg	UCnCEHQJ4sNkIkkqsPp9u-Ag
356	Put It	Shlohmo	Laid Out - EP	LIKE	4:49	cuITdFixRYA	MPREb_k3YkwLC7ksg	UCnCEHQJ4sNkIkkqsPp9u-Ag
357	Without	Shlohmo	Laid Out - EP	LIKE	5:54	irEo3XFgHcM	MPREb_k3YkwLC7ksg	UCnCEHQJ4sNkIkkqsPp9u-Ag
358	Ghosts, Pt. 2	Shlohmo	Shlo-Fi (Deluxe)	LIKE	3:40	G5TxtQxQ3rQ	MPREb_1kjaXJreqMX	UCnCEHQJ4sNkIkkqsPp9u-Ag
359	Blankets	Shlohmo	Shlo-Fi (Deluxe)	LIKE	4:18	ASrHbTIw6Sg	MPREb_1kjaXJreqMX	UCnCEHQJ4sNkIkkqsPp9u-Ag
360	Tomato Squeeze	Shlohmo	Shlomoshun Deluxe	LIKE	2:52	cjnnxgUe4sk	MPREb_HBYuNeYycj7	UCnCEHQJ4sNkIkkqsPp9u-Ag
361	7am	Shlohmo	Shlomoshun Deluxe	LIKE	2:22	FEHrE2GBO98	MPREb_HBYuNeYycj7	UCnCEHQJ4sNkIkkqsPp9u-Ag
362	Hot Boxing the Cockpit	Shlohmo	Shlomoshun Deluxe	LIKE	3:42	MF0wzEBGe3E	MPREb_HBYuNeYycj7	UCnCEHQJ4sNkIkkqsPp9u-Ag
363	Teeth	Shlohmo	Shlomoshun Deluxe	LIKE	4:56	09eljq46rCA	MPREb_HBYuNeYycj7	UCnCEHQJ4sNkIkkqsPp9u-Ag
364	The Way U Do	Shlohmo	Vacation	LIKE	5:19	XLQ7zw2hDgA	MPREb_8845GDPscJ1	UCnCEHQJ4sNkIkkqsPp9u-Ag
365	Wen Uuu	Shlohmo	Vacation	LIKE	3:54	2vXw72pVhSI	MPREb_8845GDPscJ1	UCnCEHQJ4sNkIkkqsPp9u-Ag
366	Rained the Whole Time	Shlohmo	Vacation	LIKE	5:26	1HgoTSCqk4A	MPREb_8845GDPscJ1	UCnCEHQJ4sNkIkkqsPp9u-Ag
367	Rained the Whole Time (Nicolas Jaar Remix)	Shlohmo	Vacation - EP (Remixes)	LIKE	5:27	4or_kF-SKa8	MPREb_vuuRP30z4jM	UCnCEHQJ4sNkIkkqsPp9u-Ag
368	Wen 222	Shlohmo	Wen 222	LIKE	3:23	_27lu5I3G08	MPREb_DskTVjjVbB9	UCnCEHQJ4sNkIkkqsPp9u-Ag
387	Wen Uuu (Teebs Remix)	Shlohmo	Vacation - EP (Remixes)	LIKE	2:57	jcGrFk-pg_Q	MPREb_vuuRP30z4jM	UCnCEHQJ4sNkIkkqsPp9u-Ag
634	Out of Hand	Shlohmo	Laid Out - EP	LIKE	4:28	lpEB5edABu8	MPREb_k3YkwLC7ksg	UCnCEHQJ4sNkIkkqsPp9u-Ag
754	Antigravity (Low Limit Remix)	Shlohmo	Shlomoshun Deluxe	LIKE	3:38	FpluVLV31MA	MPREb_HBYuNeYycj7	UCnCEHQJ4sNkIkkqsPp9u-Ag
814	mao zedub dizzy	Shlohmo	BTS Radio	LIKE	2:51	UohitTvHpMM	FEmusic_library_privately_owned_release_detailb_po_CKCA4sLKgvb7CBIJYnRzIHJhZGlvGgdzaGxvaG1vIgNncG0	FEmusic_library_privately_owned_artist_detaila_po_CKCA4sLKgvb7CBIHc2hsb2htbw
344	So So Lovely	Shigeto	Full Circle	LIKE	2:43	zX8WyvydJgQ	MPREb_t0P0pVA6Xqm	UC9HVpucaFBCEw2C7y15v2CQ
345	Ann Arbor Part 3 & 4	Shigeto	Lineage	LIKE	4:23	4JtzxjhkWYA	MPREb_g66gPAopoNU	UC9HVpucaFBCEw2C7y15v2CQ
829	Silver Lining	Shigeto	No Better Time Than Now	LIKE	3:25	RZsHc-XrY7g	MPREb_14M1X1Jwkju	UC9HVpucaFBCEw2C7y15v2CQ
630	Cow Palace	Session Victim	The Haunted House of House Pt Two	LIKE	5:46	ZQeGN790u3w	MPREb_D8TwADLe3rv	UCJxS3qB0YeJNz8qgBW17iHQ
835	Castle for Sale	Session Victim	Listen to Your Heart Pt. Three	LIKE	5:04	nuW4NilNBmQ	MPREb_s2SsauB4ghN	UCJxS3qB0YeJNz8qgBW17iHQ
343	The One	Sepalcure	Sepalcure	LIKE	5:38	kpoF8JrGCOo	MPREb_wczQUCnasRr	UCST8vBCPIaYOPuUxXsCz3hQ
342	Before	Scuba	Triangulation	LIKE	4:14	XJLl8r1Ku2k	MPREb_0hSYu9S5Css	UC33E-s7s5KcXexPSRogMRIg
813	U Lookin for a Title and All U Think About Is That Other Person So U Name It Me & Her	Sam Tiba		LIKE	3:57	WQgFU61hc5Q		FEmusic_library_privately_owned_artist_detaila_po_CKCA4sLKgvb7CBIIc2FtIHRpYmE
462	Keys Open Doors	Salva	Complex Housing	LIKE	3:33	B5TxezJgtQY	MPREb_Dn3NRwJQ5yn	UCwTz1_fzxjduPj5_8kyq-tg
423	Hold On (feat. Sampha)	SBTRKT	SBTRKT	LIKE	3:27	rCFuVcfcBys	MPREb_LCPfgujuplX	UCaWaWjoxiBI0Pcj4l8fKzmQ
449	2020	SBTRKT	2020	LIKE	4:13	aZNG99M831M	MPREb_4gqnS3klp1G	UCaWaWjoxiBI0Pcj4l8fKzmQ
459	Hide or Seek	SBTRKT	Step In Shadows	LIKE	5:21	xOz5uHdcRx4	MPREb_QDDGGsIshoW	UCaWaWjoxiBI0Pcj4l8fKzmQ
3	Think About U (feat. Joji)	Ryan Hemsworth	Elsewhere	LIKE	2:48	0YcTMHcpdcA	MPREb_nn9U9EZFgJy	UCHccqgrWMi_JxX6bizyE7lQ
627	Epiphany	Ross from Friends	Epiphany	LIKE	5:24	0YtNJoHr2Xo	MPREb_NMNOdsHSEnM	UCTniBt4tMAMEKn6cdBdAs4Q
628	The Revolution (Edit)	Ross from Friends	Epiphany	LIKE	4:11	I4JmE0IWcB8	MPREb_NMNOdsHSEnM	UCTniBt4tMAMEKn6cdBdAs4Q
341	Project Cybersyn	Ross From Friends	Family Portrait	LIKE	5:09	laW13iruInQ	MPREb_7jUTHvdB7Ex	UCTniBt4tMAMEKn6cdBdAs4Q
473	Wear Me Down	Ross From Friends	Family Portrait	LIKE	5:19	murnZzrP-Y8	MPREb_7jUTHvdB7Ex	UCTniBt4tMAMEKn6cdBdAs4Q
498	Family Portrait	Ross From Friends	Family Portrait	LIKE	1:42	MkBKztt58GE	MPREb_7jUTHvdB7Ex	UCTniBt4tMAMEKn6cdBdAs4Q
519	The Knife	Ross From Friends	Family Portrait	LIKE	3:33	AIlOzfQlcIA	MPREb_7jUTHvdB7Ex	UCTniBt4tMAMEKn6cdBdAs4Q
551	The Beginning	Ross From Friends	Family Portrait	LIKE	5:54	Bu-J7sWjRWM	MPREb_7jUTHvdB7Ex	UCTniBt4tMAMEKn6cdBdAs4Q
566	Pale Blue Dot	Ross From Friends	Family Portrait	LIKE	3:58	dD1CEDu0KOo	MPREb_7jUTHvdB7Ex	UCTniBt4tMAMEKn6cdBdAs4Q
629	R.A.T.S.	Ross From Friends	Family Portrait	LIKE	5:29	1Pv3qQbLgGU	MPREb_7jUTHvdB7Ex	UCTniBt4tMAMEKn6cdBdAs4Q
753	Night Moves	Roosevelt	Roosevelt	LIKE	4:56	61PK3wPvBg0	MPREb_V76wKEtP9Lj	UC7jTDrwBF4FNMX_zzaIC5mQ
336	Hey Now (When I Give You All My Lovin')	Romare	Love Songs, Pt. 1	LIKE	2:27	WYryCLdJhIc	MPREb_nPaN0EHDx8w	UC858JZWXNKcfag4hQt8cvyQ
337	The Blues (It Began in Africa)	Romare	Meditations on Afrocentrism	LIKE	3:56	1oI5RQO4zUU	MPREb_IRc0cezlQai	UC858JZWXNKcfag4hQt8cvyQ
338	Down the Line (It Takes a Number)	Romare	Meditations on Afrocentrism	LIKE	4:15	iyGT3MRRIq4	MPREb_IRc0cezlQai	UC858JZWXNKcfag4hQt8cvyQ
339	Motherless Child	Romare	Projections	LIKE	5:11	aQpoyqvvfIY	MPREb_YqXhqx9WMtM	UC858JZWXNKcfag4hQt8cvyQ
340	Jimmy's Lament	Romare	Projections	LIKE	3:03	Eu3BSSMGUAU	MPREb_YqXhqx9WMtM	UC858JZWXNKcfag4hQt8cvyQ
592	Don’t Stop	Romare	Love Songs: Part Two	LIKE	4:09	4uWWNvHP-Oc	MPREb_6ry5H02c8nr	UC858JZWXNKcfag4hQt8cvyQ
633	Nina's Charm	Romare	Projections	LIKE	3:20	gAIAzbAitNA	MPREb_YqXhqx9WMtM	UC858JZWXNKcfag4hQt8cvyQ
415	Pelagia	Robag Wruhme	Wuzzelbud Kk LP	LIKE	2:50	owmfovI67j8	MPREb_zlbWTNSP401	UCWXf2BtU-h6z7fggDjmw9Pg
412	Lone	Rival Consoles	Night Melody	LIKE	5:56	STnsrsS-1BU	MPREb_SDPQa0v6nuD	UC2WctdCmq8m617GDyuynG0w
413	Voyager	Rival Consoles	Odyssey / Sonne	LIKE	4:53	aJ7D-B6YlvA	MPREb_W3XghuMoV8N	UC2WctdCmq8m617GDyuynG0w
414	Untravel	Rival Consoles	Persona	LIKE	5:51	KEKuOrACc0o	MPREb_vraSDoKJ0hL	UC2WctdCmq8m617GDyuynG0w
632	Haunt	Rival Consoles	Odyssey / Sonne	LIKE	4:54	E2GcCtfd8q8	MPREb_W3XghuMoV8N	UC2WctdCmq8m617GDyuynG0w
804	Recovery	Rival Consoles	Odyssey / Sonne	LIKE	4:50	4l_chH9g7gs	MPREb_W3XghuMoV8N	UC2WctdCmq8m617GDyuynG0w
15	Waste (RY X Remix)	Rhye	Blood Remixed	LIKE	9:14	exC07_1V7KQ	MPREb_xz5Riq6emoG	UCO3bfi6sSorqa0p7Wu_s1DA
334	Tie In	Recondite	On Acid	LIKE	9:41	6HuRNZ_9zb8	MPREb_B7VoeW98rST	UCsXvY1UIH6CG5-RNAy9kUxw
335	Pass Up	Recondite	Placid	LIKE	4:35	5pdE5yeEVds	MPREb_iPepqJekhcx	UCsXvY1UIH6CG5-RNAy9kUxw
411	Petrichor	Recondite	On Acid	LIKE	4:06	67M6S7Zz0_k	MPREb_B7VoeW98rST	UCsXvY1UIH6CG5-RNAy9kUxw
671	Felicity	Recondite	On Acid	LIKE	5:38	X_no08WKD2M	MPREb_B7VoeW98rST	UCsXvY1UIH6CG5-RNAy9kUxw
289	Montanita	Ratatat	Classics	LIKE	5:01	XrXqKoCPvE0	MPREb_byCLppgPeCf	UCbqBqmG-EXTUsp2v4SHGDRg
290	Lex	Ratatat	Classics	LIKE	4:30	48yR03AX75o	MPREb_byCLppgPeCf	UCbqBqmG-EXTUsp2v4SHGDRg
291	Gettysburg	Ratatat	Classics	LIKE	5:28	Q-gtqz_il-w	MPREb_byCLppgPeCf	UCbqBqmG-EXTUsp2v4SHGDRg
292	Wildcat	Ratatat	Classics	LIKE	4:21	tArdmbr_znI	MPREb_byCLppgPeCf	UCbqBqmG-EXTUsp2v4SHGDRg
293	Tropicana	Ratatat	Classics	LIKE	4:37	3B5BREluOj8	MPREb_byCLppgPeCf	UCbqBqmG-EXTUsp2v4SHGDRg
294	Loud Pipes	Ratatat	Classics	LIKE	3:47	BcoPKWzLjrE	MPREb_byCLppgPeCf	UCbqBqmG-EXTUsp2v4SHGDRg
295	Kennedy	Ratatat	Classics	LIKE	3:35	TXGNgEbIACw	MPREb_byCLppgPeCf	UCbqBqmG-EXTUsp2v4SHGDRg
296	Swisha	Ratatat	Classics	LIKE	3:50	sYziVPycahw	MPREb_byCLppgPeCf	UCbqBqmG-EXTUsp2v4SHGDRg
297	Nostrand	Ratatat	Classics	LIKE	3:05	eJyKpsJbVdo	MPREb_byCLppgPeCf	UCbqBqmG-EXTUsp2v4SHGDRg
298	Tacobel Canon	Ratatat	Classics	LIKE	4:27	use8dcTn4tI	MPREb_byCLppgPeCf	UCbqBqmG-EXTUsp2v4SHGDRg
299	Shiller	Ratatat	LP3	LIKE	4:18	IxJkUjrpslk	MPREb_3nI4LlAA5pK	UCbqBqmG-EXTUsp2v4SHGDRg
300	Falcon Jab	Ratatat	LP3	LIKE	3:56	UotXex6IHRA	MPREb_3nI4LlAA5pK	UCbqBqmG-EXTUsp2v4SHGDRg
301	Mi Viejo	Ratatat	LP3	LIKE	2:41	AYEyUuzJSwU	MPREb_3nI4LlAA5pK	UCbqBqmG-EXTUsp2v4SHGDRg
302	Mirando	Ratatat	LP3	LIKE	3:53	YHN2oTY7gJk	MPREb_3nI4LlAA5pK	UCbqBqmG-EXTUsp2v4SHGDRg
303	Flynn	Ratatat	LP3	LIKE	1:56	tRM6LA7LcwE	MPREb_3nI4LlAA5pK	UCbqBqmG-EXTUsp2v4SHGDRg
304	Bird-Priest	Ratatat	LP3	LIKE	3:07	JkL4zo6meL4	MPREb_3nI4LlAA5pK	UCbqBqmG-EXTUsp2v4SHGDRg
305	Shempi	Ratatat	LP3	LIKE	3:58	OSColf1oUPQ	MPREb_3nI4LlAA5pK	UCbqBqmG-EXTUsp2v4SHGDRg
306	Imperials	Ratatat	LP3	LIKE	3:34	LdbUMximLoA	MPREb_3nI4LlAA5pK	UCbqBqmG-EXTUsp2v4SHGDRg
307	Dura	Ratatat	LP3	LIKE	3:08	DhNtyuQTGk8	MPREb_3nI4LlAA5pK	UCbqBqmG-EXTUsp2v4SHGDRg
308	Bruleé	Ratatat	LP3	LIKE	3:43	FtR8FSQTyI8	MPREb_3nI4LlAA5pK	UCbqBqmG-EXTUsp2v4SHGDRg
309	Mumtaz Khan	Ratatat	LP3	LIKE	2:38	yRZTISKgnfY	MPREb_3nI4LlAA5pK	UCbqBqmG-EXTUsp2v4SHGDRg
310	Gipsy Threat	Ratatat	LP3	LIKE	1:38	6TJXGAsXhjI	MPREb_3nI4LlAA5pK	UCbqBqmG-EXTUsp2v4SHGDRg
311	Black Heroes	Ratatat	LP3	LIKE	4:10	R40UgbiVF6I	MPREb_3nI4LlAA5pK	UCbqBqmG-EXTUsp2v4SHGDRg
312	Drugs	Ratatat	LP4	LIKE	4:55	VrAnq4aBsfU	MPREb_wYTH1jEAtEX	UCbqBqmG-EXTUsp2v4SHGDRg
313	Neckbrace	Ratatat	LP4	LIKE	4:06	SwVaPjI6x_A	MPREb_wYTH1jEAtEX	UCbqBqmG-EXTUsp2v4SHGDRg
314	We Can’t Be Stopped	Ratatat	LP4	LIKE	2:11	DEte3vHXM4A	MPREb_wYTH1jEAtEX	UCbqBqmG-EXTUsp2v4SHGDRg
315	Mahalo	Ratatat	LP4	LIKE	2:02	IRutdNCOHw0	MPREb_wYTH1jEAtEX	UCbqBqmG-EXTUsp2v4SHGDRg
316	Party With Children	Ratatat	LP4	LIKE	2:58	pb4mSwhIPTc	MPREb_wYTH1jEAtEX	UCbqBqmG-EXTUsp2v4SHGDRg
317	Bare Feast	Ratatat	LP4	LIKE	2:38	Oq23W84uDCA	MPREb_wYTH1jEAtEX	UCbqBqmG-EXTUsp2v4SHGDRg
318	Cream On Chrome	Ratatat	Magnifique	LIKE	4:16	ie1vVkzrlx0	MPREb_rGahgjJXEfs	UCbqBqmG-EXTUsp2v4SHGDRg
319	Magnifique	Ratatat	Magnifique	LIKE	2:52	g8zf31L2Dxw	MPREb_rGahgjJXEfs	UCbqBqmG-EXTUsp2v4SHGDRg
320	Countach	Ratatat	Magnifique	LIKE	2:33	nLcQIearls0	MPREb_rGahgjJXEfs	UCbqBqmG-EXTUsp2v4SHGDRg
321	Supreme	Ratatat	Magnifique	LIKE	3:01	R6g-D8lL8bk	MPREb_rGahgjJXEfs	UCbqBqmG-EXTUsp2v4SHGDRg
322	I Will Return	Ratatat	Magnifique	LIKE	4:00	TM_AwCMGx2g	MPREb_rGahgjJXEfs	UCbqBqmG-EXTUsp2v4SHGDRg
323	Seventeen Years	Ratatat	Ratatat	LIKE	4:27	3NFqqUoh3BI	MPREb_7ZJqMXYBWlX	UCbqBqmG-EXTUsp2v4SHGDRg
324	El Pico	Ratatat	Ratatat	LIKE	4:42	IchOgSt_I3I	MPREb_7ZJqMXYBWlX	UCbqBqmG-EXTUsp2v4SHGDRg
325	Crips	Ratatat	Ratatat	LIKE	3:48	fM0u907xWVo	MPREb_7ZJqMXYBWlX	UCbqBqmG-EXTUsp2v4SHGDRg
326	Desert Eagle	Ratatat	Ratatat	LIKE	4:26	lRVjWYlKeao	MPREb_7ZJqMXYBWlX	UCbqBqmG-EXTUsp2v4SHGDRg
327	Everest	Ratatat	Ratatat	LIKE	4:11	BG0Avdrv_A0	MPREb_7ZJqMXYBWlX	UCbqBqmG-EXTUsp2v4SHGDRg
328	Bustelo	Ratatat	Ratatat	LIKE	2:28	w3qNT6BnsyQ	MPREb_7ZJqMXYBWlX	UCbqBqmG-EXTUsp2v4SHGDRg
329	Breaking Away	Ratatat	Ratatat	LIKE	4:20	2wbqCeOlvEA	MPREb_7ZJqMXYBWlX	UCbqBqmG-EXTUsp2v4SHGDRg
330	Lapland	Ratatat	Ratatat	LIKE	4:57	3VA9mo3rK9I	MPREb_7ZJqMXYBWlX	UCbqBqmG-EXTUsp2v4SHGDRg
331	Germany to Germany	Ratatat	Ratatat	LIKE	3:39	pFfJPsGa5Uo	MPREb_7ZJqMXYBWlX	UCbqBqmG-EXTUsp2v4SHGDRg
332	Spanish Armada	Ratatat	Ratatat	LIKE	2:59	-BFvxvFYtyE	MPREb_7ZJqMXYBWlX	UCbqBqmG-EXTUsp2v4SHGDRg
333	Cherry	Ratatat	Ratatat	LIKE	5:39	GNO7jTa--io	MPREb_7ZJqMXYBWlX	UCbqBqmG-EXTUsp2v4SHGDRg
435	Lotus Flower (Jacques Greene Rmx)	Radiohead	TKOL RMX 1234567	LIKE	7:10	rQE2L-L5l7E	MPREb_0lUBE22oiip	UCr_iyUANcn9OX_yy9piYoLw
448	Lotus Flower (SBTRKT RMX)	Radiohead	TKOL RMX 1234567	LIKE	5:22	vrizre-Orm0	MPREb_0lUBE22oiip	UCr_iyUANcn9OX_yy9piYoLw
752	Survey	Quickly Quickly	Quickly Quickly, Vol. 1	LIKE	2:06	A3mvwSeNxnI	MPREb_XTHXwZs15ZP	UCqgyyiuvT4j6FjrAyE8bAmA
624	Is It Dry?	Project Pablo	Hope You're Well	LIKE	6:33	A60BTCEwP8c	MPREb_uwLbfOPguQ7	UCfs8MUK10NUHXQ-J5zfDqzA
834	Last Day	Project Pablo	There’s Always More At The Store	LIKE	2:31	BRnYBvMkc2E	MPREb_iQm5ZDwmNwY	UCfs8MUK10NUHXQ-J5zfDqzA
751	Cloud Cruise	Pomo	The Other Day	LIKE	3:41	2UScVsjwLHY	MPREb_oxNn1p0sfpv	UCNJ4hTLwy7mZddBW49teu8g
288	Nightshifts	Phon.o	Black Boulder	LIKE	4:45	tP5RA267zCE	MPREb_8uF1v9Nlx2S	UCLaz23InrHGGprFn3s42rBQ
410	Yudasi	Phon.o	Black Boulder	LIKE	2:00	wOGg0P-428E	MPREb_8uF1v9Nlx2S	UCLaz23InrHGGprFn3s42rBQ
389	Lucky Woman	Phanes	youtube.com/watch?v=7hrfcRrSiXM	LIKE	6:25	Ix7WE8MVmvc	FEmusic_library_privately_owned_release_detailb_po_CKCA4sLKgvb7CBIceW91dHViZWNvbSB3YXRjaHY3aHJmY3Jyc2l4bSIDZ3Bt	FEmusic_library_privately_owned_artist_detaila_po_CKCA4sLKgvb7CBIGcGhhbmVz
422	You	Petit Biscuit	You	LIKE	3:51	JZOoUbBnyrU	MPREb_kAAkzVqRcda	UCmCEGa7L2Wp0t85uxqaTiiQ
409	March 2013	Percussions	2011 Until 2014	LIKE	1:53	AKQs76JyxcA	MPREb_qC9O6S0ofSI	UCaXmhRmukiC4uywpBZjp61w
0	Han Jan	Peggy Gou	Once	LIKE	6:21	sFsfbsO_r4w	MPREb_7GTXLJDbhnM	UConl7T_sh6sQCwYe8WrQNbQ
7	It Makes You Forget (Itgehane) (Edit)	Peggy Gou	It Makes You Forget (Itgehane)	LIKE	3:56	BACnvj5jAh0	MPREb_W1zW4avYHPg	UConl7T_sh6sQCwYe8WrQNbQ
623	It Makes You Forget (Itgehane)	Peggy Gou	It Makes You Forget (Itgehane)	LIKE	6:35	98bzfX6PnF0	MPREb_W1zW4avYHPg	UConl7T_sh6sQCwYe8WrQNbQ
421	Cupa Cupa	Parra for Cuva	Paspatou	LIKE	6:06	DTJ3V6fH6Y8	MPREb_OuofZmIjzAt	UCZzlHMDjuTnJcngLW_NAlKg
516	Total Football	Parquet Courts	Wide Awake!	LIKE	4:02	oJyB-T0bPfQ	MPREb_KO5DiNuFrlg	UC9mjOu5Vl7zQo-DvNeMES_g
533	Before the Water Gets Too High	Parquet Courts	Wide Awake!	LIKE	4:06	7s65Zc6ULbo	MPREb_KO5DiNuFrlg	UC9mjOu5Vl7zQo-DvNeMES_g
546	Back to Earth	Parquet Courts	Wide Awake!	LIKE	3:55	0Q_G08LOVs8	MPREb_KO5DiNuFrlg	UC9mjOu5Vl7zQo-DvNeMES_g
502	Everyroad	Parcels	Parcels	LIKE	8:36	yAn_59XS5Do	MPREb_6Mmb9mPHOuf	UC_B1BK2QxBgrEu4o4H6i-PQ
518	Comedown	Parcels	Parcels	LIKE	3:09	ooel-79wV-c	MPREb_6Mmb9mPHOuf	UC_B1BK2QxBgrEu4o4H6i-PQ
521	IknowhowIfeel	Parcels	Parcels	LIKE	5:28	c6vwL7XgVz4	MPREb_6Mmb9mPHOuf	UC_B1BK2QxBgrEu4o4H6i-PQ
532	Yourfault	Parcels	Parcels	LIKE	3:40	awEqUBPE-0Y	MPREb_6Mmb9mPHOuf	UC_B1BK2QxBgrEu4o4H6i-PQ
547	Closetowhy	Parcels	Parcels	LIKE	5:31	489zHoy5_hU	MPREb_6Mmb9mPHOuf	UC_B1BK2QxBgrEu4o4H6i-PQ
559	Exotica	Parcels	Parcels	LIKE	5:13	4_X1EZOygaA	MPREb_6Mmb9mPHOuf	UC_B1BK2QxBgrEu4o4H6i-PQ
284	Lay In A Shimmer	Pantha Du Prince	Black Noise	LIKE	6:38	pYxWfUBHIf8	MPREb_peqFkvQQg9W	UChIEXwTPl4SUEAb6juHamEA
285	The Splendour	Pantha Du Prince	Black Noise	LIKE	6:00	UZhkumshHEo	MPREb_peqFkvQQg9W	UChIEXwTPl4SUEAb6juHamEA
286	Satellite Snyper	Pantha Du Prince	Black Noise	LIKE	5:29	vbS_uxr-uU4	MPREb_peqFkvQQg9W	UChIEXwTPl4SUEAb6juHamEA
287	Im Bann	Pantha Du Prince	Black Noise	LIKE	3:27	QTbepzYuz-E	MPREb_peqFkvQQg9W	UChIEXwTPl4SUEAb6juHamEA
803	Bohemian Forest	Pantha Du Prince	Black Noise	LIKE	7:25	CKO9ZXbxFiw	MPREb_peqFkvQQg9W	UChIEXwTPl4SUEAb6juHamEA
447	Dead Living	Pangaea	Pangaea EP	LIKE	5:12	FQ6LvuF34Qo	MPREb_cJB6pVAASqq	UCTHodm_A-V-PZsenQCKV-Cw
750	Dreaming	PANTyRAiD	The Sauce	LIKE	5:04	FlIH_OQck3o	MPREb_ebnE6h1mqn2	UCTt0yJEkd_CmasqAcSuO8mQ
621	Who I Will Become	Octo Octa	Between Two Selves	LIKE	6:07	3eHqejon5Lg	MPREb_1hcYwxNaoSb	UCWjnh-Ty_8Nq4UdcbTzXFSA
622	Take Me to the Dark	Octo Octa	More Times EP	LIKE	6:41	nQFlU00SeNA	MPREb_llwJPqQ8uoG	UCWjnh-Ty_8Nq4UdcbTzXFSA
22	Secret Snake	Objekt	Cocoon Crush	LIKE	5:58	OpDtDhdy03Q	MPREb_0Sm50lLBG2u	UCUIyZmHC1m3qqo9pDYhCwRg
275	Realize	Nosaj Thing	Fated	LIKE	1:34	WltmwK-0gv4	MPREb_4KrmApRqDcQ	UCg-Tm8zz9_VME3VvV9mVN0Q
276	Home	Nosaj Thing	Home	LIKE	2:39	JeUl1ySKUJo	MPREb_cUQOv0roLzQ	UCg-Tm8zz9_VME3VvV9mVN0Q
277	Safe	Nosaj Thing	Home	LIKE	3:48	y9u-PVM7fco	MPREb_cUQOv0roLzQ	UCg-Tm8zz9_VME3VvV9mVN0Q
278	Glue	Nosaj Thing	Home	LIKE	4:18	tVI3PYTGfg0	MPREb_cUQOv0roLzQ	UCg-Tm8zz9_VME3VvV9mVN0Q
279	Distance	Nosaj Thing	Home	LIKE	3:16	1uqxd5sMgtM	MPREb_cUQOv0roLzQ	UCg-Tm8zz9_VME3VvV9mVN0Q
280	Tell	Nosaj Thing	Home	LIKE	2:49	U4EWenLHbIg	MPREb_cUQOv0roLzQ	UCg-Tm8zz9_VME3VvV9mVN0Q
281	Snap	Nosaj Thing	Home	LIKE	3:25	tSv_D0UpM0w	MPREb_cUQOv0roLzQ	UCg-Tm8zz9_VME3VvV9mVN0Q
282	Prelude	Nosaj Thing	Home	LIKE	1:41	j7NwCcfO8qQ	MPREb_cUQOv0roLzQ	UCg-Tm8zz9_VME3VvV9mVN0Q
283	Phase III	Nosaj Thing	Home	LIKE	3:23	7K9hX-HO9Wo	MPREb_cUQOv0roLzQ	UCg-Tm8zz9_VME3VvV9mVN0Q
273	Can't Go to Cuba	Nikita Quasim	Inès	LIKE	2:13	sSou0D8Usvo	MPREb_qDXkm9Kl9in	UC9ku851WY-UDd9UyRFPUZ0w
711	Framboises	Nikita Quasim	Sunset of a Clown, Vol. 2	LIKE	3:39	mPw0EPbCCH8	MPREb_Rp02dzUca0s	UC9ku851WY-UDd9UyRFPUZ0w
272	Ishmael	Nicolas Jaar + Will Epstein + Dave Harrington + Ian Sims	Don't Break My Love: A Collection of Lost Memories From Sunset & Clown	LIKE	5:51	wW9_6Xep_UA	FEmusic_library_privately_owned_release_detailb_po_CKCA4sLKgvb7CBJGZG9udCBicmVhayBteSBsb3ZlIGEgY29sbGVjdGlvbiBvZiBsb3N0IG1lbW9yaWVzIGZyb20gc3Vuc2V0IGFuZCBjbG93bhoPdmFyaW91cyBhcnRpc3RzIgNncG0	FEmusic_library_privately_owned_artist_detaila_po_CKCA4sLKgvb7CBI1bmljb2xhcyBqYWFyICB3aWxsIGVwc3RlaW4gIGRhdmUgaGFycmluZ3RvbiAgaWFuIHNpbXM
259	Fight (Nymphs IV)	Nicolas Jaar	Fight (Nymphs IV)	LIKE	8:35	gx3ZzbCg6C8	MPREb_OpnUY2BBwhK	UChW6_xMkaHkjBmQgIdiFaBw
260	Dubliners	Nicolas Jaar	Inès	LIKE	8:49	2ygxT8NhoRY	MPREb_qDXkm9Kl9in	UChW6_xMkaHkjBmQgIdiFaBw
261	WOUH	Nicolas Jaar	Love You Gotta Lose Again	LIKE	7:25	6-HFW-gkp7w	MPREb_XoWv9MRueVD	UChW6_xMkaHkjBmQgIdiFaBw
262	Love You Gotta Lose Again	Nicolas Jaar	Love You Gotta Lose Again	LIKE	3:22	jlBR7XA2QJk	MPREb_XoWv9MRueVD	UChW6_xMkaHkjBmQgIdiFaBw
263	Don't Believe the Hype	Nicolas Jaar	Love You Gotta Lose Again	LIKE	1:30	r29Kv6rLPH4	MPREb_XoWv9MRueVD	UChW6_xMkaHkjBmQgIdiFaBw
264	Hey Boy	Nicolas Jaar	Nico's Bluewave Edits	LIKE	3:42	zw1n8dvMtTQ	FEmusic_library_privately_owned_release_detailb_po_CKCA4sLKgvb7CBIUbmljb3MgYmx1ZXdhdmUgZWRpdHMaDG5pY29sYXMgamFhciIDZ3Bt	FEmusic_library_privately_owned_artist_detaila_po_CKCA4sLKgvb7CBIMbmljb2xhcyBqYWFy
265	What My Last Girl Put Me Through	Nicolas Jaar	Nico's Bluewave Edits	LIKE	4:04	tQS0W71ju6w	FEmusic_library_privately_owned_release_detailb_po_CKCA4sLKgvb7CBIUbmljb3MgYmx1ZXdhdmUgZWRpdHMaDG5pY29sYXMgamFhciIDZ3Bt	FEmusic_library_privately_owned_artist_detaila_po_CKCA4sLKgvb7CBIMbmljb2xhcyBqYWFy
266	Don't Break My Love	Nicolas Jaar	Nymphs	LIKE	4:59	0fK_bz58YOY	MPREb_7sWCkBe0KR0	UChW6_xMkaHkjBmQgIdiFaBw
267	Why Didn't You Save Me	Nicolas Jaar	Nymphs	LIKE	7:30	VidebljNinY	MPREb_7sWCkBe0KR0	UChW6_xMkaHkjBmQgIdiFaBw
268	Killing Time	Nicolas Jaar	Sirens	LIKE	11:15	k1_BABO9Yio	MPREb_foQ4Gv7TH9t	UChW6_xMkaHkjBmQgIdiFaBw
269	History Lesson	Nicolas Jaar	Sirens	LIKE	3:44	EEhQkYCwjW8	MPREb_foQ4Gv7TH9t	UChW6_xMkaHkjBmQgIdiFaBw
270	No	Nicolas Jaar	Sirens (deluxe edition)	LIKE	6:35	ddmtLO3i-sQ	MPREb_6Ti2OVO8BhK	UChW6_xMkaHkjBmQgIdiFaBw
271	Why Didn't You Save Me (Dave Harrington Remix) (feat. Tamara)	Nicolas Jaar	Trust	LIKE	3:54	Y3da_bmy-80	MPREb_qQyZEA8w5Yj	
407	No One Is Looking at U (feat. Lorraine)	Nicolas Jaar	Nymphs II	LIKE	7:49	Ah7NgA6XmEI	MPREb_1a2adwyhbXk	UChW6_xMkaHkjBmQgIdiFaBw
408	Spirit	Nicolas Jaar	Pomegranates	LIKE	3:32	0WI7TEFrTkU	MPREb_BOgONmJN6Ym	UChW6_xMkaHkjBmQgIdiFaBw
478	Leaves	Nicolas Jaar	Sirens (deluxe edition)	LIKE	3:30	OYgvYX9K6tw	MPREb_6Ti2OVO8BhK	UChW6_xMkaHkjBmQgIdiFaBw
501	History Lesson	Nicolas Jaar	Sirens (deluxe edition)	LIKE	3:44	_zXDd44hYGg	MPREb_6Ti2OVO8BhK	UChW6_xMkaHkjBmQgIdiFaBw
539	Wildflowers	Nicolas Jaar	Sirens (deluxe edition)	LIKE	5:33	YETWlgvQhQE	MPREb_6Ti2OVO8BhK	UChW6_xMkaHkjBmQgIdiFaBw
641	Shame	Nicolas Jaar	Pomegranates	LIKE	1:55	aziGdJ1T8Bo	MPREb_BOgONmJN6Ym	UChW6_xMkaHkjBmQgIdiFaBw
642	Specters of the Future	Nicolas Jaar	Space Is Only Noise	LIKE	1:58	wB9LW9GKVso	MPREb_1vWKPIl1y3w	UChW6_xMkaHkjBmQgIdiFaBw
678	Mistress	Nicolas Jaar	Nymphs III	LIKE	4:59	VtLKfeLPr9g	MPREb_DBjPpYBWMIc	UChW6_xMkaHkjBmQgIdiFaBw
710	Marquises	Nicolas Jaar	Sunset of a Clown, Vol. 2	LIKE	3:40	8g9gIqgckmE	MPREb_Rp02dzUca0s	UChW6_xMkaHkjBmQgIdiFaBw
802	Ishmael	Nicolas Jaar	Don't Break My Love	LIKE	5:49	tw6ir7L_tB8	MPREb_70i7gdUH1XQ	
258	This Machine Destroys Everything	Neat Beats	Cosmic Surgery	LIKE	3:24	Ziv5Fn6GZak	MPREb_c5DjXxrJf6K	UCQBp1dquNaSdfYYrAu97R6Q
468	Lyrebird	Natureboy Flako	Natureboy	LIKE	2:48	C_dbQZd5z14	MPREb_YEiw99tSTIU	UCdXTO-PMJXcrru7wSXgJF6g
406	Paean	Nathan Fake	Steam Days	LIKE	3:53	ZIasHakkOvw	MPREb_rsgtliU5NiW	UCerofcW3r2o74HjKZLQKhRw
640	Grandfathered	Nathan Fake	Drowning in a Sea of Love	LIKE	3:15	51yNITti9bI	MPREb_R2flUD4t4cf	UCerofcW3r2o74HjKZLQKhRw
801	Sunder	Nathan Fake	Sunder	LIKE	6:26	3k67-dkP2ac	MPREb_ROouGLXdlo3	UCerofcW3r2o74HjKZLQKhRw
227	Carbonated	Mount Kimbie	Carbonated	LIKE	4:18	NVvwwn_X0Qo	MPREb_WDFd2XEwr5p	UCr10ZmksmCibKV5GzPjHdaw
228	Flux	Mount Kimbie	Carbonated	LIKE	3:55	XKtGkAvuLQc	MPREb_WDFd2XEwr5p	UCr10ZmksmCibKV5GzPjHdaw
229	Bave’s Chords	Mount Kimbie	Carbonated	LIKE	3:34	6M29L4FG_9o	MPREb_WDFd2XEwr5p	UCr10ZmksmCibKV5GzPjHdaw
232	So Many Times, So Many Ways	Mount Kimbie	Cold Spring Fault Less Youth	LIKE	4:08	tt2bAZYZb8I	MPREb_NfwH44eY8HF	UCr10ZmksmCibKV5GzPjHdaw
233	Tunnelvision	Mount Kimbie	Crooks & Lovers	LIKE	1:48	V7gSvEO4O4g	MPREb_wxLn0fzrPcR	UCr10ZmksmCibKV5GzPjHdaw
234	Would Know	Mount Kimbie	Crooks & Lovers	LIKE	3:16	a95t5iNT3V4	MPREb_wxLn0fzrPcR	UCr10ZmksmCibKV5GzPjHdaw
235	Ruby	Mount Kimbie	Crooks & Lovers	LIKE	4:03	e0lV5y3Jo7k	MPREb_wxLn0fzrPcR	UCr10ZmksmCibKV5GzPjHdaw
236	Ode to Bear	Mount Kimbie	Crooks & Lovers	LIKE	4:00	CAhkJWZBj34	MPREb_wxLn0fzrPcR	UCr10ZmksmCibKV5GzPjHdaw
237	Field	Mount Kimbie	Crooks & Lovers	LIKE	3:04	sK5AFpdoT5w	MPREb_wxLn0fzrPcR	UCr10ZmksmCibKV5GzPjHdaw
238	Between Time	Mount Kimbie	Crooks & Lovers	LIKE	1:54	AwknN8cKyXk	MPREb_wxLn0fzrPcR	UCr10ZmksmCibKV5GzPjHdaw
239	Blind Night Errand	Mount Kimbie	Crooks & Lovers Sampler	LIKE	3:21	8SqZZxkW_6k	MPREb_4JQIphXZ2BD	UCr10ZmksmCibKV5GzPjHdaw
240	Before I Move Off	Mount Kimbie	Crooks & Lovers Sampler	LIKE	4:10	ZcaYQxEkTKs	MPREb_4JQIphXZ2BD	UCr10ZmksmCibKV5GzPjHdaw
241	Made to Stray (DJ Koze remix)	Mount Kimbie	CSFLY Remixes	LIKE	8:08	_rC911N0Nm0	FEmusic_library_privately_owned_release_detailb_po_CKCA4sLKgvb7CBINY3NmbHkgcmVtaXhlcxoMbW91bnQga2ltYmllIgNncG0	FEmusic_library_privately_owned_artist_detaila_po_CKCA4sLKgvb7CBIMbW91bnQga2ltYmll
248	Maybes	Mount Kimbie	Maybes	LIKE	3:42	W_URBsO8AvQ	MPREb_5vBJsfsPs1E	UCr10ZmksmCibKV5GzPjHdaw
249	Taps	Mount Kimbie	Maybes	LIKE	3:11	hgRNExSjy3U	MPREb_5vBJsfsPs1E	UCr10ZmksmCibKV5GzPjHdaw
250	Maybes (James Blake Remix)	Mount Kimbie	Mount Kimbie Remixes, Pt.1	LIKE	4:36	888uioRYhpQ	MPREb_Vct810qHFw4	UCr10ZmksmCibKV5GzPjHdaw
251	Sketch on Glass	Mount Kimbie	Sketch on Glass	LIKE	4:19	JGHJdl0xa4A	MPREb_TSv8sRz9mjj	UCr10ZmksmCibKV5GzPjHdaw
252	Serged	Mount Kimbie	Sketch on Glass	LIKE	3:30	kew7sUTSQZI	MPREb_TSv8sRz9mjj	UCr10ZmksmCibKV5GzPjHdaw
253	Fifty Mile View	Mount Kimbie	Sketch on Glass	LIKE	3:28	LgA2jetdVMo	MPREb_TSv8sRz9mjj	UCr10ZmksmCibKV5GzPjHdaw
254	At Least	Mount Kimbie	Sketch on Glass	LIKE	3:38	IHPIAbDaSlo	MPREb_TSv8sRz9mjj	UCr10ZmksmCibKV5GzPjHdaw
257	You Took Your Time (feat. King Krule)	Mount Kimbie	Cold Spring Fault Less Youth	LIKE	5:15	KRVvDMVziTg	MPREb_NfwH44eY8HF	UCr10ZmksmCibKV5GzPjHdaw
706	Before I Move Off	Mount Kimbie	Crooks & Lovers	LIKE	4:10	04vXEWVBvJ8	MPREb_wxLn0fzrPcR	UCr10ZmksmCibKV5GzPjHdaw
707	Blind Night Errand	Mount Kimbie	Crooks & Lovers	LIKE	3:21	8xep1PHMjkU	MPREb_wxLn0fzrPcR	UCr10ZmksmCibKV5GzPjHdaw
708	Carbonated	Mount Kimbie	Crooks & Lovers	LIKE	4:18	PW-r1aognDM	MPREb_wxLn0fzrPcR	UCr10ZmksmCibKV5GzPjHdaw
709	Vertical	Mount Kimbie	Maybes	LIKE	4:07	4Ymrg6nkG3I	MPREb_5vBJsfsPs1E	UCr10ZmksmCibKV5GzPjHdaw
837	Swallow (Edit)	Monolink	Swallow	LIKE	3:35	G7nq2PqxvCw	MPREb_bPlxeFr0TrW	UCVCBw_oVGviwBlNtLY5wYEw
226	The White Flash (feat. Thom Yorke)	Modeselektor	Happy Birthday!	LIKE	4:49	nVzHfTXwD8s	MPREb_Tr4EDPAaslw	UCOinH_vPmoy7pXYMdkRMMAQ
799	Grillwalker	Modeselektor	Monkeytown	LIKE	4:01	keaiS3Av5-M	MPREb_wOCtu5cB8wH	UCOinH_vPmoy7pXYMdkRMMAQ
225	Versions	Moderat	II	LIKE	5:10	LuPQBsGmLSc	MPREb_oBP3S8lF5jU	UCyYRmdKDlL6o8aqhw_pVVZQ
649	Clouded - Interlude	Moderat	II	LIKE	1:33	FIcnqNqcnXc	MPREb_oBP3S8lF5jU	UCyYRmdKDlL6o8aqhw_pVVZQ
197	We Broke Free	Metronomy	The English Riviera	LIKE	4:06	L0UOp1Ih4Xk	MPREb_MXgKSZqVTaM	UCWE-9CO32bK6OI2NLKUWSRw
198	She Wants	Metronomy	The English Riviera	LIKE	3:52	js2_czSqVc4	MPREb_MXgKSZqVTaM	UCWE-9CO32bK6OI2NLKUWSRw
199	Trouble	Metronomy	The English Riviera	LIKE	4:47	dMKcJBeRptE	MPREb_MXgKSZqVTaM	UCWE-9CO32bK6OI2NLKUWSRw
200	The Bay	Metronomy	The English Riviera	LIKE	4:51	RNih0gEKoMw	MPREb_MXgKSZqVTaM	UCWE-9CO32bK6OI2NLKUWSRw
201	Corinne	Metronomy	The English Riviera	LIKE	3:17	lyc7awcW1yU	MPREb_MXgKSZqVTaM	UCWE-9CO32bK6OI2NLKUWSRw
202	Some Written	Metronomy	The English Riviera	LIKE	6:04	20x3chcDtcQ	MPREb_MXgKSZqVTaM	UCWE-9CO32bK6OI2NLKUWSRw
203	I'm Aquarius	Metronomy	Love Letters	LIKE	4:01	3Y8qwBVzgmU	MPREb_aM0wi4DgIKD	UCWE-9CO32bK6OI2NLKUWSRw
204	Love Letters	Metronomy	Love Letters	LIKE	5:15	cgLN0IRoyrw	MPREb_aM0wi4DgIKD	UCWE-9CO32bK6OI2NLKUWSRw
205	Boy Racers	Metronomy	Love Letters	LIKE	4:18	A1BVB62x-nM	MPREb_aM0wi4DgIKD	UCWE-9CO32bK6OI2NLKUWSRw
206	Reservoir	Metronomy	Love Letters	LIKE	3:14	y-B9akRv0Ak	MPREb_aM0wi4DgIKD	UCWE-9CO32bK6OI2NLKUWSRw
207	Nights Out	Metronomy	Nights Out	LIKE	2:42	v-YA_CFj1sc	MPREb_wBb5YRTcQk9	UCWE-9CO32bK6OI2NLKUWSRw
208	The End Of You Too	Metronomy	Nights Out	LIKE	3:46	tWkdTpsSGs0	MPREb_wBb5YRTcQk9	UCWE-9CO32bK6OI2NLKUWSRw
209	Radio Ladio	Metronomy	Nights Out	LIKE	3:36	p4H78EogcgM	MPREb_wBb5YRTcQk9	UCWE-9CO32bK6OI2NLKUWSRw
210	My Heart Rate Rapid	Metronomy	Nights Out	LIKE	4:12	fTqod37vQPg	MPREb_wBb5YRTcQk9	UCWE-9CO32bK6OI2NLKUWSRw
211	Heartbreaker	Metronomy	Nights Out	LIKE	4:15	skbcSnmGplQ	MPREb_wBb5YRTcQk9	UCWE-9CO32bK6OI2NLKUWSRw
212	Side 2	Metronomy	Nights Out	LIKE	3:32	44AIRLvzZJM	MPREb_wBb5YRTcQk9	UCWE-9CO32bK6OI2NLKUWSRw
213	Holiday	Metronomy	Nights Out	LIKE	4:17	yPir6w_q7aM	MPREb_wBb5YRTcQk9	UCWE-9CO32bK6OI2NLKUWSRw
214	A Thing For Me	Metronomy	Nights Out	LIKE	3:31	O9k5LTh7L0Q	MPREb_wBb5YRTcQk9	UCWE-9CO32bK6OI2NLKUWSRw
215	On Dancefloors	Metronomy	Nights Out	LIKE	4:46	ZzBQqwD0Puk	MPREb_wBb5YRTcQk9	UCWE-9CO32bK6OI2NLKUWSRw
216	Nights Outro	Metronomy	Nights Out	LIKE	3:13	2cW9bNDUL_k	MPREb_wBb5YRTcQk9	UCWE-9CO32bK6OI2NLKUWSRw
217	Danger Song	Metronomy	Pip Paine (Pay The £5000 You Owe)	LIKE	4:41	eRL0rXw59Jg	MPREb_3jS7qzM0xGN	UCWE-9CO32bK6OI2NLKUWSRw
218	This could be beautiful (it is)	Metronomy	Pip Paine (Pay The £5000 You Owe)	LIKE	4:10	_ImsHnJv2BY	MPREb_3jS7qzM0xGN	UCWE-9CO32bK6OI2NLKUWSRw
219	Black Eye/Burnt Thumb	Metronomy	Pip Paine (Pay The £5000 You Owe)	LIKE	4:43	_BTYFhlk4vM	MPREb_3jS7qzM0xGN	UCWE-9CO32bK6OI2NLKUWSRw
220	Another Me To Mother You (Bonus Track)	Metronomy	Pip Paine (Pay The £5000 You Owe)	LIKE	4:14	uOYciuXReDM	MPREb_3jS7qzM0xGN	UCWE-9CO32bK6OI2NLKUWSRw
221	My House	Metronomy	Summer 08	LIKE	3:19	kcIdUY5lWLk	MPREb_zFjQfVjIvtg	UCWE-9CO32bK6OI2NLKUWSRw
222	Night Owl	Metronomy	Summer 08	LIKE	4:28	KfWGynAAuUI	MPREb_zFjQfVjIvtg	UCWE-9CO32bK6OI2NLKUWSRw
223	Summer Jam	Metronomy	Summer 08	LIKE	3:43	woHxKqdGRRw	MPREb_zFjQfVjIvtg	UCWE-9CO32bK6OI2NLKUWSRw
475	Quiet (feat. Odile)	Men I Trust	Headroom	LIKE	3:25	dN90Q7VyrfM	MPREb_9W3H16VPdvx	UCaPOa_Tg0TThuYSVtUEXb8g
491	Sad Organ	Men I Trust	Headroom	LIKE	1:51	Aoa5JVQ5Nrw	MPREb_9W3H16VPdvx	UCaPOa_Tg0TThuYSVtUEXb8g
648	Seed (feat. Kathrin deBoer)	Max Cooper	Emergence	LIKE	4:26	RcEf7JNEIX8	MPREb_JVDf5gzzeHz	UCrF_AxlDCcXbMBFuaA1nuYA
798	Origins	Max Cooper	Kindred	LIKE	3:56	D767y31HWpU	MPREb_ddmeG3ieYmX	UCrF_AxlDCcXbMBFuaA1nuYA
6	Bunny's Dream (Daydream Edit)	Matthew Dear	Bunny's Dream	LIKE	4:26	bZ63K61elro	MPREb_vrOCaHt94gC	UCwrOfciTBb4zSninHNwQ-6Q
647	Headcage	Matthew Dear	Beams	LIKE	3:46	OMZvQX0rndU	MPREb_b3sUlDqIRoV	UCwrOfciTBb4zSninHNwQ-6Q
840	Ahead of Myself	Matthew Dear	Beams	LIKE	3:49	r20C2unMrho	MPREb_b3sUlDqIRoV	UCwrOfciTBb4zSninHNwQ-6Q
196	Splitting The Atom	Massive Attack	Heligoland (Deluxe)	LIKE	5:17	UeG0BABYx0o	MPREb_qUr2m6KBgu8	UCr1uxon7aFztw_dnrau0TDA
13	Turnmills (Edit)	Maribou State	Turnmills	LIKE	3:21	Q8KNRWBOKGo	MPREb_yHSZCn1eASl	UCxIW9VhUSiNWTftN9VEMDDQ
194	Nervous Tics (feat. Holly Walker)	Maribou State	Kingdoms In Colour	LIKE	4:14	8tCydmDoI3U	MPREb_ylellKvpvcc	UCxIW9VhUSiNWTftN9VEMDDQ
195	Feel Good (feat. Khruangbin)	Maribou State	Kingdoms In Colour	LIKE	4:27	MDKT-YpCPsA	MPREb_ylellKvpvcc	UCxIW9VhUSiNWTftN9VEMDDQ
488	Turnmills	Maribou State	Kingdoms In Colour	LIKE	5:04	HmBiNIcNpOI	MPREb_ylellKvpvcc	UCxIW9VhUSiNWTftN9VEMDDQ
490	Beginner's Luck	Maribou State	Kingdoms In Colour	LIKE	4:28	oyX3EWdtbmA	MPREb_ylellKvpvcc	UCxIW9VhUSiNWTftN9VEMDDQ
510	Kingdom (feat. North Downs)	Maribou State	Kingdoms In Colour	LIKE	4:10	npWS4YQFJUk	MPREb_ylellKvpvcc	UCxIW9VhUSiNWTftN9VEMDDQ
523	Glasshouses	Maribou State	Kingdoms In Colour	LIKE	3:45	xpJLBnptJXA	MPREb_ylellKvpvcc	UCxIW9VhUSiNWTftN9VEMDDQ
537	Part Time Glory	Maribou State	Kingdoms In Colour	LIKE	4:16	znILTZD9V3w	MPREb_ylellKvpvcc	UCxIW9VhUSiNWTftN9VEMDDQ
568	Vale	Maribou State	Kingdoms In Colour	LIKE	4:07	s1GOI3vC4tE	MPREb_ylellKvpvcc	UCxIW9VhUSiNWTftN9VEMDDQ
620	Rush Don't Run (feat. Pedestrian)	Maribou State	Native EP	LIKE	5:13	W3k0B_5KAyU	MPREb_d1jZd5kvLFy	UCxIW9VhUSiNWTftN9VEMDDQ
646	Wallflower	Maribou State	Portraits	LIKE	3:43	mPM2w1dvVFE	MPREb_uOmIgJatpvA	UCxIW9VhUSiNWTftN9VEMDDQ
193	CalicoLeaf	Marching in December	SoundCloud	LIKE	4:16	W8DY_oZEY-0	FEmusic_library_privately_owned_release_detailb_po_CKCA4sLKgvb7CBIKc291bmRjbG91ZBoKc291bmRjbG91ZCIDZ3Bt	FEmusic_library_privately_owned_artist_detaila_po_CKCA4sLKgvb7CBIUbWFyY2hpbmcgaW4gZGVjZW1iZXI
192	The Sea Inside	Mano Le Tough	Changing Days	LIKE	4:43	UK-7xwCBhh0	MPREb_21GzmV7sY6D	UCyUfHAjvaZ8lq7Ux-D1Hhyg
191	SeeSea	Machinedrum	Vapor City	LIKE	4:16	3XHl8W--LaQ	MPREb_VgM2SmFRuA1	UCTg_z3wQqVStOgAuFC-a1gQ
797	U Still Lie	Machinedrum	Vapor City	LIKE	4:28	rIZvye0znOE	MPREb_VgM2SmFRuA1	UCTg_z3wQqVStOgAuFC-a1gQ
28	Gravy Train (Nicolas Jaar Remix)	Maceo Plex	Hôtel Costes 15	LIKE	5:33	OVNSS3jAYsQ	MPREb_GGVwlTcS5v9	UCMlIW2j7RZt-9MHRBQ5UBEg
224	Electric Feel	MGMT	Oracular Spectacular	LIKE	3:50	r78xfXZb_WU	MPREb_TfJD6rb0Ilg	UCcP74mIhs125nerd5o5Dd-Q
190	Baffle	Lusine	A Certain Distance	LIKE	4:59	I-qcdRXOboI	MPREb_K7JOMoOEZZ4	UCuT7nowJuCra1vUc3Q0-VOg
405	Forks	Lusine	Arterial	LIKE	5:58	GflI_tmdSNk	MPREb_rrip0f4UmNq	UCuT7nowJuCra1vUc3Q0-VOg
644	Ticking Hands	Lusine	Sensorimotor	LIKE	4:47	Ezw5tzYnh3M	MPREb_YovVyFGb07o	UCuT7nowJuCra1vUc3Q0-VOg
645	First Call	Lusine	The Waiting Room	LIKE	5:09	SFtGIbzgCOM	MPREb_oWK9aVfAYp1	UCuT7nowJuCra1vUc3Q0-VOg
796	Slow Motion	Lusine	Sensorimotor	LIKE	4:49	N_y42UBluGI	MPREb_YovVyFGb07o	UCuT7nowJuCra1vUc3Q0-VOg
643	2nd 5th Heavy	Luke Abbott	Holkham Drones	LIKE	3:24	rSnt6JuWvRM	MPREb_BofGsR3b6IQ	UClqQRWhBC6dyvx5bLbHsD-g
704	Modern Driveway	Luke Abbott	Modern Driveway	LIKE	5:34	ZEB2daeM5vM	MPREb_9b6zfO10LM7	UClqQRWhBC6dyvx5bLbHsD-g
841	Brazil	Luke Abbott	Brazil	LIKE	4:52	cz3ShstbdDs	MPREb_rdTGM5ASGFe	UClqQRWhBC6dyvx5bLbHsD-g
21	Lover Chanting (Edit)	Little Dragon	Lover Chanting EP	LIKE	3:25	QpOeIs2TRP0	MPREb_eqO2yExnxTa	UC7oADPAbivBVFIm0ULUUtvg
749	Last Danse (Outro)	Les Loups	Club Cœur	LIKE	2:31	lw0QLzOPZts	MPREb_D0dNbANN3JX	UCGwZxqZuMyR7SeBo27BI7QQ
189	Movements (Chapter III)	Leon Vynehall	Nothing Is Still	LIKE	3:51	RZ9wlagwwtA	MPREb_vc0O0qDwSJN	UCfG9U3KHCTwq8ED0SpQrJ4g
476	From The Sea/It Looms (Chapters I & II)	Leon Vynehall	Nothing Is Still	LIKE	6:19	k3F79wemqHs	MPREb_vc0O0qDwSJN	UCfG9U3KHCTwq8ED0SpQrJ4g
505	Trouble - Parts I, II, & III (Chapter V)	Leon Vynehall	Nothing Is Still	LIKE	5:42	8qUUG8DcksE	MPREb_vc0O0qDwSJN	UCfG9U3KHCTwq8ED0SpQrJ4g
618	Envelopes (Chapter VI)	Leon Vynehall	Nothing Is Still	LIKE	5:29	C_X_78ODnYw	MPREb_vc0O0qDwSJN	UCfG9U3KHCTwq8ED0SpQrJ4g
619	It Breaks (Chapter IX)	Leon Vynehall	Nothing Is Still	LIKE	2:17	w61izKxSEIs	MPREb_vc0O0qDwSJN	UCfG9U3KHCTwq8ED0SpQrJ4g
186	Cousin If	Lapalux	Many Faces Out Of Focus	LIKE	1:54	oQuRthmdPNE	MPREb_sONMJjblE86	UC7_25O0eU-qJQc97_BmaCkg
187	Gone	Lapalux	When You're Gone	LIKE	4:46	MyzSuJ5JlWA	MPREb_AgO7UDbS7im	UC7_25O0eU-qJQc97_BmaCkg
188	Without You (feat. Kerry Leatham)	Lapalux	Nostalchic	LIKE	5:26	NwjIk4Rp2mI	MPREb_bDBUv7iLPhf	UC7_25O0eU-qJQc97_BmaCkg
670	Feeling Free (Laurence Guy Remix)	LEISURE	Feeling Free (Laurence Guy Remix)	LIKE	7:30	NZuTrxVgFHU	MPREb_mYv4DOk6ORJ	UCcP3eQgGdM_PUtbS03PgpKg
593	how do you sleep?	LCD Soundsystem	american dream	LIKE	9:13	E55hWJFzaC8	MPREb_Som0RNrZLxg	UCdsmJG8eFcr6Lxgau8E7afg
661	Oino	LA Priest	Inji	LIKE	4:32	-UHbVAVvvOI	MPREb_8hFxVI8RtPh	UCdXRCHoRlDyGyEvtX4HHe_w
183	MTI	Koreless	4D	LIKE	4:16	qv2WpAIM14E	MPREb_f0IHSg1xgAA	UCiQW3DAAmpDwweGXDD6FDfA
184	Last Remnants	Koreless	Yugen	LIKE	4:20	GRjVLLSevj4	MPREb_1rSjAOgeQhG	UCiQW3DAAmpDwweGXDD6FDfA
185	Never	Koreless	Yugen	LIKE	4:48	iVaZg6npOmc	MPREb_1rSjAOgeQhG	UCiQW3DAAmpDwweGXDD6FDfA
445	4D	Koreless	4D	LIKE	3:19	XpHlFS0dO-Q	MPREb_f0IHSg1xgAA	UCiQW3DAAmpDwweGXDD6FDfA
504	Sublunary	King Krule	The OOZ	LIKE	2:11	oQsp1QsLXAc	MPREb_WuOl92WOxt1	UC0_b4gQldkc4WbPeZigWnJQ
542	Biscuit Town	King Krule	The OOZ	LIKE	3:43	Pfws7VpCnQg	MPREb_WuOl92WOxt1	UC0_b4gQldkc4WbPeZigWnJQ
563	Logos	King Krule	The OOZ	LIKE	3:51	6KYEhQ28nDM	MPREb_WuOl92WOxt1	UC0_b4gQldkc4WbPeZigWnJQ
569	A Slide In (New Drugs)	King Krule	The OOZ	LIKE	3:06	sZ2Q2v51gPE	MPREb_WuOl92WOxt1	UC0_b4gQldkc4WbPeZigWnJQ
581	Slush Puppy	King Krule	The OOZ	LIKE	2:43	jfdfZtOqSlc	MPREb_WuOl92WOxt1	UC0_b4gQldkc4WbPeZigWnJQ
586	Czech One	King Krule	Czech One	LIKE	4:16	GpFqyu7sQ48	MPREb_oNuYkCLdBPo	UC0_b4gQldkc4WbPeZigWnJQ
591	Lonely Blue	King Krule	The OOZ	LIKE	4:45	PN9ND1abjD8	MPREb_WuOl92WOxt1	UC0_b4gQldkc4WbPeZigWnJQ
509	Nazo Nazo	Kikagaku Moyo	Masana Temples	LIKE	3:08	UmH7JcDl5hY	MPREb_qHmn3fj2OVy	UCNaS4ou9KLFO5YjEQkjuUwA
526	Dripping Sun	Kikagaku Moyo	Masana Temples	LIKE	7:51	ymkFNzT7VXg	MPREb_qHmn3fj2OVy	UCNaS4ou9KLFO5YjEQkjuUwA
433	If	Kidnap Kid	The Great Confusion	LIKE	4:51	toP3k4hvKqM	FEmusic_library_privately_owned_release_detailb_po_CKCA4sLKgvb7CBIPZ3JlYXQgY29uZnVzaW9uGgpraWRuYXAga2lkIgNncG0	FEmusic_library_privately_owned_artist_detaila_po_CKCA4sLKgvb7CBIKa2lkbmFwIGtpZA
434	No One Else	Kidnap Kid	The Great Confusion	LIKE	5:21	4imKZ-DSluo	FEmusic_library_privately_owned_release_detailb_po_CKCA4sLKgvb7CBIPZ3JlYXQgY29uZnVzaW9uGgpraWRuYXAga2lkIgNncG0	FEmusic_library_privately_owned_artist_detaila_po_CKCA4sLKgvb7CBIKa2lkbmFwIGtpZA
443	Vehl	Kidnap	Alphaville	LIKE	5:01	M3NHTQbu7sg	MPREb_TvXTT8Nh8L0	UCYVTaaw5ApmMpiUKbNbbXEA
444	Be More	Kidnap	Alphaville	LIKE	6:15	OTv05kvjeUY	MPREb_TvXTT8Nh8L0	UCYVTaaw5ApmMpiUKbNbbXEA
455	Lazarus Taxon	Kidnap	Alphaville	LIKE	4:18	12E8QqbnAUc	MPREb_TvXTT8Nh8L0	UCYVTaaw5ApmMpiUKbNbbXEA
795	Driven	Kiasmos	Erased Tapes Collection V	LIKE	5:17	jAF4llttsBQ	MPREb_jL3Huu6OS93	UCXWADwj6t4af0WJkP8LAIZw
483	Rules	Khruangbin	Con Todo El Mundo	LIKE	4:29	YNdM7mSK0Js	MPREb_eMtJ0gI8aoT	UCW2SLxltqPa553qretr4KzQ
494	A Hymn	Khruangbin	Con Todo El Mundo	LIKE	3:10	q8ODc8z_nDA	MPREb_eMtJ0gI8aoT	UCW2SLxltqPa553qretr4KzQ
508	The Man Who Took My Sunglasses	Khruangbin	The Universe Smiles Upon You	LIKE	2:13	zSWW-rA7qwU	MPREb_Wkqhia5S6h9	UCW2SLxltqPa553qretr4KzQ
522	Two Fish and an Elephant	Khruangbin	The Universe Smiles Upon You	LIKE	3:33	Guj5d7DO-9Y	MPREb_Wkqhia5S6h9	UCW2SLxltqPa553qretr4KzQ
531	Shades of Man	Khruangbin	Con Todo El Mundo	LIKE	3:47	_MYFPQSKzQI	MPREb_eMtJ0gI8aoT	UCW2SLxltqPa553qretr4KzQ
534	Balls and Pins	Khruangbin	The Universe Smiles Upon You	LIKE	3:28	xVIDIRexUBY	MPREb_Wkqhia5S6h9	UCW2SLxltqPa553qretr4KzQ
553	Little Joe & Mary	Khruangbin	The Universe Smiles Upon You	LIKE	5:08	8sd-2enCXX0	MPREb_Wkqhia5S6h9	UCW2SLxltqPa553qretr4KzQ
557	Lady and Man	Khruangbin	Con Todo El Mundo	LIKE	4:18	ZGs1ATfHK-A	MPREb_eMtJ0gI8aoT	UCW2SLxltqPa553qretr4KzQ
565	Friday Morning	Khruangbin	Con Todo El Mundo	LIKE	6:50	YHPHzNV3afk	MPREb_eMtJ0gI8aoT	UCW2SLxltqPa553qretr4KzQ
497	Lucid	Kelly Lee Owens	Kelly Lee Owens	LIKE	3:32	W4CA2ldU54g	MPREb_pNMnhtMc3ug	UCvjT6Q9IDRNwrc8345BpwMg
520	Throwing Lines	Kelly Lee Owens	Kelly Lee Owens	LIKE	3:06	ZcuCGztuFfI	MPREb_pNMnhtMc3ug	UCvjT6Q9IDRNwrc8345BpwMg
587	Bird	Kelly Lee Owens	Kelly Lee Owens	LIKE	5:15	MvbkS-BGFVY	MPREb_pNMnhtMc3ug	UCvjT6Q9IDRNwrc8345BpwMg
794	Let Slide (Blue Motel Remix)	Kauf	Let Slide (Blue Motel Remix)	LIKE	5:10	FomsJ8pAqsA	MPREb_EFKndqQIShj	UCsPvu_YSULBnAkEYCW-OdNQ
742	Cost of Love	Kartell	Riviera	LIKE	4:47	Jwm3Y_GLRMc	MPREb_wRynfH52iXl	UC9-G_5Fqd6mCcP1AkGluFPQ
743	Two Step	Kartell	Riviera	LIKE	3:32	HPvWjAFML1c	MPREb_wRynfH52iXl	UC9-G_5Fqd6mCcP1AkGluFPQ
744	Pantera	Kartell	Riviera	LIKE	4:08	NozY5RHO4cI	MPREb_wRynfH52iXl	UC9-G_5Fqd6mCcP1AkGluFPQ
745	It's You	Kartell	Sapphire	LIKE	3:44	xmhntuh11gc	MPREb_V4D9FgIWblq	UC9-G_5Fqd6mCcP1AkGluFPQ
746	Aura (feat. J-Rican)	Kartell	Tender Games	LIKE	4:41	nkR_LsLnB7g	MPREb_6JL47M0Vv0c	UC9-G_5Fqd6mCcP1AkGluFPQ
747	La jeunesse retrouvée	Kartell	.Wave	LIKE	4:36	4ZEXEntLHoI	MPREb_n6TN9b893fw	UC9-G_5Fqd6mCcP1AkGluFPQ
530	The Space Travelers Lullaby	Kamasi Washington	Heaven and Earth	LIKE	10:32	B8M43moxVGw	MPREb_nKVpAGmmfqV	UC0G-IaG6Q0eawu8N_6OAZxw
549	Street Fighter Mas	Kamasi Washington	Heaven and Earth	LIKE	5:59	-c0U2W7N6fg	MPREb_nKVpAGmmfqV	UC0G-IaG6Q0eawu8N_6OAZxw
574	Can You Hear Him	Kamasi Washington	Heaven and Earth	LIKE	8:55	ANWQT8ZSrqQ	MPREb_nKVpAGmmfqV	UC0G-IaG6Q0eawu8N_6OAZxw
583	The Invincible Youth	Kamasi Washington	Heaven and Earth	LIKE	9:54	i4OsOp5gLY0	MPREb_nKVpAGmmfqV	UC0G-IaG6Q0eawu8N_6OAZxw
585	Vi Lua Vi Sol	Kamasi Washington	Heaven and Earth	LIKE	11:08	XQmmZWB4FNg	MPREb_nKVpAGmmfqV	UC0G-IaG6Q0eawu8N_6OAZxw
560	Abusey Junction	KOKOROKO	KOKOROKO	LIKE	7:05	lRGk43hNjr4	MPREb_stsv1Sowb6p	UCAOTJrZUiDloUAK9-Dt2W2A
180	Drops	Jungle	Jungle	LIKE	2:54	cR6A4vKupcs	MPREb_2KVRvSYmQzW	UC8qPIA18dFORTSUmw0n8U-g
181	Drops	Jungle	Platoon / Drops	LIKE	2:52	JgZxO44PjwI	MPREb_vYqUf4B7JJA	UC8qPIA18dFORTSUmw0n8U-g
600	Happy Man	Jungle	For Ever	LIKE	3:12	MyzRJQNKrYA	MPREb_v62TqMRfU64	UC8qPIA18dFORTSUmw0n8U-g
793	New Eyes	Julien Mier	Untangle the Roots	LIKE	3:48	BwJZuFvsLj0	MPREb_umRoBlmJkQF	UCe9g2b3X5T6umgKr88uRGqA
460	So Derobe	Joy Orbison	The Shrew Would Have Cushioned The Blow / So Derobe	LIKE	6:11	WzGytPUie9A	MPREb_zDgM4aRDAsE	UC0Bn4ym3XSCIZCoby9_QVSQ
11	Everything Connected	Jon Hopkins	Singularity	LIKE	10:30	LcZxuhDV8co	MPREb_0PK1Uql7ufV	UCpbWC9Xun4IM_28zH623-nw
178	We Disappear	Jon Hopkins	Immunity	LIKE	4:50	_V1DIa76SLM	MPREb_uMHaP9Z0SzT	UCpbWC9Xun4IM_28zH623-nw
179	Emerald Rush	Jon Hopkins	Singularity	LIKE	5:36	zzwvuznsEJg	MPREb_0PK1Uql7ufV	UCpbWC9Xun4IM_28zH623-nw
404	Open Eye Signal (Nosaj Thing remix)	Jon Hopkins	Open Eye Signal (Remixes)	LIKE	3:29	K5wL7WVnZdo	MPREb_l8Kuzbkwpm2	UCpbWC9Xun4IM_28zH623-nw
573	Neon Pattern Drum	Jon Hopkins	Singularity	LIKE	6:07	dPV_bL_YOho	MPREb_0PK1Uql7ufV	UCpbWC9Xun4IM_28zH623-nw
792	Breathe This Air	Jon Hopkins	Immunity	LIKE	5:29	qWXbTq2GBlY	MPREb_uMHaP9Z0SzT	UCpbWC9Xun4IM_28zH623-nw
822	Abandon Window (Moderat Remix)	Jon Hopkins	We Disappear	LIKE	6:56	jePtoSPrc7k	MPREb_530pyqI5FLW	UCpbWC9Xun4IM_28zH623-nw
173	Depak Ine	John Talabot	ƒIN	LIKE	7:26	C3y0AtDdTGY	MPREb_1JbV0gNdprY	UC5nsjU7LRRcUbi3Ze0pacOw
174	Oro y Sangre	John Talabot	ƒIN	LIKE	4:53	SyQQFB7Aq4M	MPREb_1JbV0gNdprY	UC5nsjU7LRRcUbi3Ze0pacOw
175	Missing You	John Talabot	ƒIN	LIKE	4:02	BT9sXI8AZHQ	MPREb_1JbV0gNdprY	UC5nsjU7LRRcUbi3Ze0pacOw
176	Last Land	John Talabot	ƒIN	LIKE	4:23	aoyL5AdaAG0	MPREb_1JbV0gNdprY	UC5nsjU7LRRcUbi3Ze0pacOw
177	H.O.R.S.E.	John Talabot	ƒIN	LIKE	4:05	y8QwqxEyPLM	MPREb_1JbV0gNdprY	UC5nsjU7LRRcUbi3Ze0pacOw
402	Last Land	John Talabot	ƒIN	LIKE	4:23	aoyL5AdaAG0	MPREb_1JbV0gNdprY	UC5nsjU7LRRcUbi3Ze0pacOw
403	Estiu	John Talabot	ƒIN	LIKE	3:05	cVh8fNkFMXg	MPREb_1JbV0gNdprY	UC5nsjU7LRRcUbi3Ze0pacOw
702	El Oeste	John Talabot	ƒIN	LIKE	3:01	GRCr2WfrZj0	MPREb_1JbV0gNdprY	UC5nsjU7LRRcUbi3Ze0pacOw
703	Tragedial	John Talabot	ƒIN	LIKE	2:55	JElkGOp2q20	MPREb_1JbV0gNdprY	UC5nsjU7LRRcUbi3Ze0pacOw
791	So Will Be Now... feat. Pional (feat. Pional)	John Talabot	ƒIN	LIKE	6:55	MWUqDjISOTI	MPREb_1JbV0gNdprY	UC5nsjU7LRRcUbi3Ze0pacOw
401	Glass Eights (Original Mix)	John Roberts	Glass Eights	LIKE	4:45	W6ZE6ro3pvw	MPREb_HuagXpqMHv7	UC0yHAPcWWYSaEEK-6B81r9Q
701	Ever Or Not (Original Mix)	John Roberts	Glass Eights	LIKE	6:23	JLpMowrKVQs	MPREb_HuagXpqMHv7	UC0yHAPcWWYSaEEK-6B81r9Q
172	Fuck U All the Time Remix (Shlohmo Remix)	Jerimiah (Shlohmo Remix)		LIKE	4:08	eDmMXY-Cbrs		FEmusic_library_privately_owned_artist_detaila_po_CKCA4sLKgvb7CBIWamVyaW1pYWggc2hsb2htbyByZW1peA
741	What You Wanna Do	Jean Tonique	You	LIKE	4:11	-cW4lbpNpmE	MPREb_B306uKJSYKT	UCy90bsigneFGPyytimvLA6Q
676	Green Wine	Janus Rasmussen	Vín	LIKE	3:52	E-h65IBiwS4	MPREb_pRr2al0jzqG	UCEadTMnvpdZmA9v_6kXADrA
171	Sleep Sound	Jamie xx	In Colour	LIKE	3:53	2lgbbCBsjOk	MPREb_9l5dKNHnNya	UCUIRrvexIhgFsdjRucxhQ5w
431	Beat For	Jamie xx	Far Nearer / Beat For	LIKE	5:46	z7Je4fndA8I	MPREb_G2WzIV5CUEm	UCUIRrvexIhgFsdjRucxhQ5w
456	Sleep Sound	Jamie xx	Girl/Sleep Sound	LIKE	6:24	H4zZyqUsUIk	MPREb_7nEGVfbjpls	UCUIRrvexIhgFsdjRucxhQ5w
432	Far Nearer	Jamie XX	100 electro last dec	LIKE	6:50	ymjRjgR5jgg	FEmusic_library_privately_owned_release_detailb_po_CKCA4sLKgvb7CBIUMTAwIGVsZWN0cm8gbGFzdCBkZWMaD3ZhcmlvdXMgYXJ0aXN0cyIDZ3Bt	FEmusic_library_privately_owned_artist_detaila_po_CKCA4sLKgvb7CBIIamFtaWUgeHg
18	If The Car Beside You Moves Ahead	James Blake	If The Car Beside You Moves Ahead	LIKE	4:22	IkMbaI-pWCs	MPREb_hSnyYunxDao	UCx90L12QXzc18AGYFRof-EA
442	CMYK	James Blake	Iotdxi	LIKE	5:15	pIFF0UEuoYk	MPREb_uM1Q3Mlx3lc	UCx90L12QXzc18AGYFRof-EA
659	jasmine (Demo)	Jai Paul	jasmine (Demo)	LIKE	4:14	3CgShbW8XS0	MPREb_tjO47uRHwbU	UCnAysa-bmqQN4g_csowns0Q
737	Fooled Around	JackLNDN	Summer Never Ends, Vol. 1	LIKE	4:40	mE_SbCk9ifQ	MPREb_HcynJWPG0jJ	UC3ZPJqok8mjJJHeeY5clbNw
843	Aquamarine	Ital Tek	Hollowed	LIKE	3:36	E33lNxv6dBA	MPREb_Q15yUdbJj70	UC80Yp6RfippuaEY5opag3XA
736	Yes My Dear	Inf	The Go Round	LIKE	2:37	s0uXJAG6nj0	MPREb_NxSLshv6tFN	UCmxjooMdDgSjIwKQ5Yi9Jpw
821	Near The End	Illum Sphere	Ghosts Of Then And Now	LIKE	3:38	o6PkcrveYQU	MPREb_517RmUHvBDU	UC7VxSLY9_K3CeuAzFp1YtBw
441	Miranda	Ifan Dafydd	No Good	LIKE	5:46	gUyTmQIiLuE	FEmusic_library_privately_owned_release_detailb_po_CKCA4sLKgvb7CBIHbm8gZ29vZBoLaWZhbiBkYWZ5ZGQiA2dwbQ	FEmusic_library_privately_owned_artist_detaila_po_CKCA4sLKgvb7CBILaWZhbiBkYWZ5ZGQ
580	I'm Scum	IDLES	Joy as an Act of Resistance.	LIKE	3:10	UBwo2LRlhfw	MPREb_2Q5jZK2dvyd	UCcbIxwjtSRip9MAYoJ30acw
469	Need You Now	Hot Chip	Why Make Sense?	LIKE	4:45	d5jlKKSi3ls	MPREb_itJ3CSrAWRS	UCelQU7g_ZFCyK2ylb-mcrQw
166	Tense Past	Holy Other	Held	LIKE	3:52	LSmB4h2JAvs	MPREb_j0JH0AVVV5W	UCph7GTSRBAFiQl7Wjzhi0kg
167	U Now	Holy Other	Held	LIKE	3:59	IDhzod9Fj04	MPREb_j0JH0AVVV5W	UCph7GTSRBAFiQl7Wjzhi0kg
168	In Difference	Holy Other	Held	LIKE	2:41	XW0DC2OI3Es	MPREb_j0JH0AVVV5W	UCph7GTSRBAFiQl7Wjzhi0kg
169	Know Where	Holy Other	With U	LIKE	3:28	DcpRPRKEDfc	MPREb_u6uwtBSKNGW	UCph7GTSRBAFiQl7Wjzhi0kg
658	Feel Something	Holy Other	With U	LIKE	4:11	KHp3Ovv0xas	MPREb_u6uwtBSKNGW	UCph7GTSRBAFiQl7Wjzhi0kg
698	(W)here	Holy Other	Held	LIKE	3:49	zeBgiC4RzIY	MPREb_j0JH0AVVV5W	UCph7GTSRBAFiQl7Wjzhi0kg
699	Love Some1	Holy Other	Held	LIKE	4:28	3-6kcKPiM9M	MPREb_j0JH0AVVV5W	UCph7GTSRBAFiQl7Wjzhi0kg
700	Held	Holy Other	Held	LIKE	6:07	USy9xNWBYjc	MPREb_j0JH0AVVV5W	UCph7GTSRBAFiQl7Wjzhi0kg
697	Embrace	Hayden James	Technikart 01 - Indian Summer	LIKE	4:02	2xQkLmnRlos	MPREb_F1N6eNpKzDL	UC3X7KAGTP8n21hwCmRLQ0Rg
165	Cider	Groundislava	Feel Me	LIKE	2:45	LlL3474RPkg	MPREb_tTxeT6XCNVb	UCnPDB133a63J126svJRt5Xw
657	Jasper's Song I	Groundislava	Feel Me	LIKE	2:30	PYYXEZbfY5U	MPREb_tTxeT6XCNVb	UCnPDB133a63J126svJRt5Xw
673	Rift Valley	Goldie	Act One - Music for Inanimate Objects	LIKE	6:39	NQyt4x_mSk4	MPREb_P53FAzD080t	UCB7ecyXw_rDrR6D66XZacbw
143	Quitter’s Raga	Gold Panda	Companion	LIKE	1:57	NtVZ878sXOQ	MPREb_CQKU128GJe9	UC68yNj_3xz9ppq6zAG_wESQ
144	Fifth Ave	Gold Panda	Companion	LIKE	5:31	HUxp2ZX6eAo	MPREb_CQKU128GJe9	UC68yNj_3xz9ppq6zAG_wESQ
145	Back Home	Gold Panda	Companion	LIKE	4:31	ID_9LFoTQ2A	MPREb_CQKU128GJe9	UC68yNj_3xz9ppq6zAG_wESQ
146	Long Vacation	Gold Panda	Companion	LIKE	4:10	T5VZdh-4e6c	MPREb_CQKU128GJe9	UC68yNj_3xz9ppq6zAG_wESQ
147	Lonely Owl	Gold Panda	Companion	LIKE	4:17	NvIipNu_X5Q	MPREb_CQKU128GJe9	UC68yNj_3xz9ppq6zAG_wESQ
148	Heaps	Gold Panda	Companion	LIKE	2:52	pcD7hGnc1nU	MPREb_CQKU128GJe9	UC68yNj_3xz9ppq6zAG_wESQ
149	In My Car	Gold Panda	Good Luck and Do Your Best	LIKE	4:27	_2f-bFIZ6rU	MPREb_ZsFG4lfWthR	UC68yNj_3xz9ppq6zAG_wESQ
150	Time Eater	Gold Panda	Good Luck and Do Your Best	LIKE	4:52	MoyHpjmgfS4	MPREb_ZsFG4lfWthR	UC68yNj_3xz9ppq6zAG_wESQ
151	Unthank	Gold Panda	Good Luck and Do Your Best	LIKE	2:46	o1U_moFB_ds	MPREb_ZsFG4lfWthR	UC68yNj_3xz9ppq6zAG_wESQ
152	Community	Gold Panda	Half Of Where You Live	LIKE	4:33	KkSNkF9dkkI	MPREb_wGr6jiwztDL	UC68yNj_3xz9ppq6zAG_wESQ
153	We Work Nights	Gold Panda	Half Of Where You Live	LIKE	5:57	GtMecCFZid8	MPREb_wGr6jiwztDL	UC68yNj_3xz9ppq6zAG_wESQ
154	Flinton	Gold Panda	Half Of Where You Live	LIKE	3:56	W1o-5tnu6QY	MPREb_wGr6jiwztDL	UC68yNj_3xz9ppq6zAG_wESQ
155	Enoshima	Gold Panda	Half Of Where You Live	LIKE	3:08	A50MVSno-lk	MPREb_wGr6jiwztDL	UC68yNj_3xz9ppq6zAG_wESQ
156	Mediaevil	Gold Panda	Kingdom	LIKE	8:15	zscrA_l_Gh8	MPREb_HO6A6KpgXXZ	UC68yNj_3xz9ppq6zAG_wESQ
157	Stolen Phone	Gold Panda	Kingdom	LIKE	3:26	ZyMpickU7TQ	MPREb_HO6A6KpgXXZ	UC68yNj_3xz9ppq6zAG_wESQ
158	After We Talked	Gold Panda	Lucky Shiner	LIKE	3:39	2XU7XADRGjM	FEmusic_library_privately_owned_release_detailb_po_CKCA4sLKgvb7CBIMbHVja3kgc2hpbmVyGgpnb2xkIHBhbmRhIgNncG0	FEmusic_library_privately_owned_artist_detaila_po_CKCA4sLKgvb7CBIKZ29sZCBwYW5kYQ
159	If U Knew (Reprise Long Live Take)	Gold Panda	Reprise	LIKE	5:52	YyuEmEkLKVE	MPREb_5W3daqQ2Q7X	UC68yNj_3xz9ppq6zAG_wESQ
160	Reprise (T Hemingway Remix)	Gold Panda	Reprise	LIKE	3:51	OWU9H2eIt-k	MPREb_5W3daqQ2Q7X	UC68yNj_3xz9ppq6zAG_wESQ
161	Trust	Gold Panda	Trust	LIKE	5:25	XRatxupRFXY	MPREb_Ct3PKJveJY4	UC68yNj_3xz9ppq6zAG_wESQ
162	Burnt-Out Car In A Forest	Gold Panda	Trust	LIKE	6:12	iySIvWFiISw	MPREb_Ct3PKJveJY4	UC68yNj_3xz9ppq6zAG_wESQ
163	Casyam_59#02	Gold Panda	Trust	LIKE	4:06	c8A4dwHleTQ	MPREb_Ct3PKJveJY4	UC68yNj_3xz9ppq6zAG_wESQ
164	You	Gold Panda	You EP	LIKE	3:50	8MGGBBZFWk8	MPREb_C5BPldqS65N	UC68yNj_3xz9ppq6zAG_wESQ
386	You	Gold Panda	Lucky Shiner	LIKE	3:37	eodn-eB8n8o	FEmusic_library_privately_owned_release_detailb_po_CKCA4sLKgvb7CBIMbHVja3kgc2hpbmVyGgpnb2xkIHBhbmRhIgNncG0	FEmusic_library_privately_owned_artist_detaila_po_CKCA4sLKgvb7CBIKZ29sZCBwYW5kYQ
812	Snow and Taxis	Gold Panda	Lucky Shiner	LIKE	4:40	zm1uWwQoMcc	FEmusic_library_privately_owned_release_detailb_po_CKCA4sLKgvb7CBIMbHVja3kgc2hpbmVyGgpnb2xkIHBhbmRhIgNncG0	FEmusic_library_privately_owned_artist_detaila_po_CKCA4sLKgvb7CBIKZ29sZCBwYW5kYQ
733	I'm New Here	Gil Scott-Heron	We're New Here	LIKE	3:27	TQiOHhHOkTU	MPREb_iT82ahOQku8	UCO78NEi7Y7J3HKFuPke0LoA
734	Running	Gil Scott-Heron	We're New Here	LIKE	3:32	Ig2iPNKn5qk	MPREb_iT82ahOQku8	UCO78NEi7Y7J3HKFuPke0LoA
732	Red Light Ft. Amanda Love (feat. Amanda Love)	Gigamesh	Gigamesh EP	LIKE	3:05	72zEDqto9Fo	MPREb_BfbCvd60RsA	UCWUv4UigDj9TJ5ybNnMGs4Q
17	Passing Trains	George FitzGerald	All That Must Be	LIKE	3:13	yc3efFzqk4o	MPREb_ywVezT8CbVW	UCgaHJBQE83ayLzAVdcEypCg
141	Burns	George FitzGerald	All That Must Be	LIKE	4:13	JUt71LPA-qI	MPREb_ywVezT8CbVW	UCgaHJBQE83ayLzAVdcEypCg
142	Siren Calls	George FitzGerald	All That Must Be	LIKE	4:00	UQ1rkrdOsSw	MPREb_ywVezT8CbVW	UCgaHJBQE83ayLzAVdcEypCg
655	Two Moons Under	George FitzGerald	All That Must Be	LIKE	5:01	g9C4-EHIlog	MPREb_ywVezT8CbVW	UCgaHJBQE83ayLzAVdcEypCg
839	Grease	Future Islands	On the Water	LIKE	5:29	glHaMwD5MjU	MPREb_Kux6EDt3PNN	UCdNPLyZ46MPYkRy2yOYsYfQ
130	Our Navigation	Four Tet	Beautiful Rewind	LIKE	3:53	FtK-AiKQcj8	MPREb_RiSwvOlN8Ym	UCd6q-S_HAePombe72bczCkA
131	Ba Teaches Yoga	Four Tet	Beautiful Rewind	LIKE	3:19	BhOnjHLga-M	MPREb_RiSwvOlN8Ym	UCd6q-S_HAePombe72bczCkA
132	Unicorn	Four Tet	Beautiful Rewind	LIKE	3:30	pfcj_jOoKIw	MPREb_RiSwvOlN8Ym	UCd6q-S_HAePombe72bczCkA
133	Your Body Feels	Four Tet	Beautiful Rewind	LIKE	4:03	48Qew2d6lbI	MPREb_RiSwvOlN8Ym	UCd6q-S_HAePombe72bczCkA
134	smile around the face	Four Tet	Everything Ecstatic	LIKE	4:34	zxH_n2OFvLc	MPREb_BCVIMiV4UqD	UCd6q-S_HAePombe72bczCkA
135	and then patterns	Four Tet	Everything Ecstatic	LIKE	4:44	WUUzBJ5hlIk	MPREb_BCVIMiV4UqD	UCd6q-S_HAePombe72bczCkA
136	Locked	Four Tet	Pink	LIKE	8:29	s2el637PUlY	MPREb_teKSSamg6xT	UCd6q-S_HAePombe72bczCkA
137	My Angel Rocks Back And Forth	Four Tet	Rounds	LIKE	5:07	b5rYi-XOxlE	MPREb_7sSmyMQ9h7w	UCd6q-S_HAePombe72bczCkA
138	As Serious As Your Life	Four Tet	Rounds	LIKE	4:48	WtdLuC2LT40	MPREb_7sSmyMQ9h7w	UCd6q-S_HAePombe72bczCkA
397	Lion (Jamie XX Remix)	Four Tet	Pink Remixes	LIKE	7:08	P7-JKLDw1OY	MPREb_2yjuXayT2mN	UCd6q-S_HAePombe72bczCkA
398	She Moves She	Four Tet	Rounds	LIKE	4:41	Fr2rx8dcDJ0	MPREb_7sSmyMQ9h7w	UCd6q-S_HAePombe72bczCkA
399	She Just Likes to Fight	Four Tet	There Is Love in You	LIKE	4:41	jAIVwBYEK5Q	FEmusic_library_privately_owned_release_detailb_po_CKCA4sLKgvb7CBIUdGhlcmUgaXMgbG92ZSBpbiB5b3UaCGZvdXIgdGV0IgNncG0	FEmusic_library_privately_owned_artist_detaila_po_CKCA4sLKgvb7CBIIZm91ciB0ZXQ
400	Love Cry	Four Tet	There Is Love In You	LIKE	9:13	PEomRXY45xM	MPREb_JYAqc6f22rK	UCd6q-S_HAePombe72bczCkA
453	She Moves She	Four Tet	Rounds (Special Anniversary Edition)	LIKE	4:41	IgOm-MTqcp4	MPREb_QyRSafaXfOU	UCd6q-S_HAePombe72bczCkA
548	Lush	Four Tet	New Energy	LIKE	5:11	o2Mvg_F_ox0	MPREb_YJnz7wBBmwa	UCd6q-S_HAePombe72bczCkA
561	Memories	Four Tet	New Energy	LIKE	3:17	6bUdxJbNtgo	MPREb_YJnz7wBBmwa	UCd6q-S_HAePombe72bczCkA
588	Daughter	Four Tet	New Energy	LIKE	4:55	EyKdiSjqrto	MPREb_YJnz7wBBmwa	UCd6q-S_HAePombe72bczCkA
590	LA Trance	Four Tet	New Energy	LIKE	5:47	rmwYFZRCoJo	MPREb_YJnz7wBBmwa	UCd6q-S_HAePombe72bczCkA
668	Planet	Four Tet	New Energy	LIKE	7:18	-R1drDULvCg	MPREb_YJnz7wBBmwa	UCd6q-S_HAePombe72bczCkA
680	Ocoras	Four Tet	Pink	LIKE	5:23	aImoMsgenpQ	MPREb_teKSSamg6xT	UCd6q-S_HAePombe72bczCkA
694	Two Thousand and Seventeen	Four Tet	New Energy	LIKE	4:12	ZNuaLyPMc48	MPREb_YJnz7wBBmwa	UCd6q-S_HAePombe72bczCkA
695	SW9 9SL	Four Tet	New Energy	LIKE	7:55	RnpmelIk25M	MPREb_YJnz7wBBmwa	UCd6q-S_HAePombe72bczCkA
696	Pyramid	Four Tet	Pink	LIKE	8:26	MfAiKryutoE	MPREb_teKSSamg6xT	UCd6q-S_HAePombe72bczCkA
788	Jupiters	Four Tet	Pink	LIKE	5:48	cnKxTJgZVq4	MPREb_teKSSamg6xT	UCd6q-S_HAePombe72bczCkA
789	Spirit Fingers	Four Tet	Rounds (Special Anniversary Edition)	LIKE	3:22	A699xyQxZbU	MPREb_QyRSafaXfOU	UCd6q-S_HAePombe72bczCkA
4	Crow (DJ-Kicks)	Forest Swords	Crow (DJ-Kicks)	LIKE	3:38	G60IOq-7OXo	MPREb_80dvKmrPL3p	UCsIRWWLzm_nzDkKipCE349A
129	The Weight Of Gold	Forest Swords	Engravings	LIKE	5:04	q4WF918ReLg	MPREb_TjYuvC1UK9v	UCsIRWWLzm_nzDkKipCE349A
477	Border Margin Barrier	Forest Swords	Compassion	LIKE	3:09	29JXDptKgFM	MPREb_2T4jx7oZLaf	UCsIRWWLzm_nzDkKipCE349A
499	Raw Language	Forest Swords	Compassion	LIKE	4:29	3oGiYXOuxFs	MPREb_2T4jx7oZLaf	UCsIRWWLzm_nzDkKipCE349A
787	Irby Tremor	Forest Swords	Engravings	LIKE	4:11	LonpDXLhOUs	MPREb_TjYuvC1UK9v	UCsIRWWLzm_nzDkKipCE349A
121	Zodiac Shit	Flying Lotus	Cosmogramma	LIKE	2:45	n-NTfJbbBwk	MPREb_3aYVH4Fv4EC	UCJvOvKwxPEL-4RtSvu_nWhQ
123	dark portishead beat	Flying Lotus	Essential Mix	LIKE	3:24	ZlBuUWAMCbE	FEmusic_library_privately_owned_release_detailb_po_CKCA4sLKgvb7CBINZXNzZW50aWFsIG1peBoMZmx5aW5nIGxvdHVzIgNncG0	FEmusic_library_privately_owned_artist_detaila_po_CKCA4sLKgvb7CBIMZmx5aW5nIGxvdHVz
693	Getting There (feat. Niki Randa)	Flying Lotus	Until The Quiet Comes	LIKE	1:50	AFiAKUgndeI	MPREb_hVUp5KW3YlQ	UCJvOvKwxPEL-4RtSvu_nWhQ
429	YGTL (The xx remix)	Florence + The Machine	www.thecurbcrawlers.com	LIKE	5:43	lgxxwmqnGyA	FEmusic_library_privately_owned_release_detailb_po_CKCA4sLKgvb7CBIVd3d3dGhlY3VyYmNyYXdsZXJzY29tGhhmbG9yZW5jZSBhbmQgdGhlIG1hY2hpbmUiA2dwbQ	FEmusic_library_privately_owned_artist_detaila_po_CKCA4sLKgvb7CBIVZmxvcmVuY2UgIHRoZSBtYWNoaW5l
120	Vacuum Boogie	Floating Points	Vacuum Boogie (EP)	LIKE	6:08	AHF7njRL5ZY	MPREb_ewJkT2CFwBl	UCHLmGIlqt6qD8JlWIlWhs0A
467	Silurian Blue	Floating Points	Reflections - Mojave Desert	LIKE	7:01	kHwH0xW7FPM	MPREb_SsZW0wQq6KP	UCHLmGIlqt6qD8JlWIlWhs0A
691	Silhouettes (I, II, III)	Floating Points	Elaenia	LIKE	10:42	WjUil2-gf7M	MPREb_FsxOogK6Amh	UCHLmGIlqt6qD8JlWIlWhs0A
785	Argonaut	Floating Points	Vacuum Boogie (EP)	LIKE	8:33	ynqt14ju4Ug	MPREb_ewJkT2CFwBl	UCHLmGIlqt6qD8JlWIlWhs0A
842	ARP3	Floating Points	Shadows	LIKE	9:20	5IUN-AcpoNg	MPREb_I0eTbNi2igu	UCHLmGIlqt6qD8JlWIlWhs0A
667	Hope This Helps	Fla.mingo	The Haunt	LIKE	4:23	GUkA18aIsCg	MPREb_dzDobp7jvlC	UCsdC7ruBNm52c1EpKi60Lpg
420	Sink into the Floor	Feng Suave	Feng Suave	LIKE	4:41	hHGSd_hm8Zc	MPREb_uwbQ1tJgDm4	UCZnFQRvNqTB2Wrdsifs1FVw
440	Sepia Song	Fantastic Mr Fox	Evelyn	LIKE	3:14	Tr_6U98Ihgw	MPREb_0vJC5HId7WI	UC1L5PvLPksgLtDw2VTE0ooA
20	Lost In Time (feat. Polo & Pan, Noraa, Clément Bazin & Polo)	Fakear	All Glows	LIKE	2:55	MMeSRnk-9OI	MPREb_tS2TRU8qNMq	UCSgO44QUssXF0dxOpeAqnww
16	Urth Man	Ex-Terrestrial	Urth Born	LIKE	6:26	00rcgEyHEps	MPREb_hkefxPTuNjW	UC5V5pnNuS60aAhwt4EriY_w
119	Chesapeake	Evenings	Yore	LIKE	2:15	G8l2CWlqlcM	MPREb_odDj6JmGgJC	UCsAM6z5Zh_8WRhzUXAHbdvw
811	Lo-Vélo	Evenings	Lately	LIKE	3:43	TH3LK8NjAhU	FEmusic_library_privately_owned_release_detailb_po_CKCA4sLKgvb7CBIGbGF0ZWx5GghldmVuaW5ncyIDZ3Bt	FEmusic_library_privately_owned_artist_detaila_po_CKCA4sLKgvb7CBIIZXZlbmluZ3M
730	Oceanside	Else	Mirage	LIKE	1:56	N49RLiZCAVQ	MPREb_obhh16bXg2K	UCZZ6wCwtx_Vefq5pgH5lHTg
731	Her Movie	Else	Pacific	LIKE	3:06	B6cDosZaSH8	MPREb_pTEHjjt9hD0	UCZZ6wCwtx_Vefq5pgH5lHTg
118	Swimming	Eaves	Hiking Trails	LIKE	3:56	9Whb8dcndz4	FEmusic_library_privately_owned_release_detailb_po_CKCA4sLKgvb7CBINaGlraW5nIHRyYWlscxoFZWF2ZXMiA2dwbQ	FEmusic_library_privately_owned_artist_detaila_po_CKCA4sLKgvb7CBIFZWF2ZXM
27	11.04.2012	Dorian Concept	Joined Ends	LIKE	3:57	ckVknkaaAbQ	MPREb_0HOf6EjBayF	UC8h-G0iBla88jTNB_lEzbsA
428	My Face Needs Food	Dorian Concept	Her Tears Taste Like Pears	LIKE	3:17	4-xl2Id8ec8	MPREb_vqrgd8d5Udb	UC8h-G0iBla88jTNB_lEzbsA
729	Toe Games Made Her Giggle	Dorian Concept	Her Tears Taste Like Pears	LIKE	4:14	dLa21omHZbk	MPREb_vqrgd8d5Udb	UC8h-G0iBla88jTNB_lEzbsA
610	Blue Violet	Djrum	Portrait with Firewood	LIKE	8:40	WQ7QGhW_LzM	MPREb_zWfxWjbB5WW	UC-gNRMqAmhHUUkzCIkHzpxQ
611	Sparrows	Djrum	Portrait with Firewood	LIKE	4:40	vjIm78yF-VM	MPREb_zWfxWjbB5WW	UC-gNRMqAmhHUUkzCIkHzpxQ
612	Blood in My Mouth	Djrum	Portrait with Firewood	LIKE	3:00	CBLDnLDNZW4	MPREb_zWfxWjbB5WW	UC-gNRMqAmhHUUkzCIkHzpxQ
1	Moonlight	Disclosure	Moonlight	LIKE	3:41	scCDvw_H2hI	MPREb_pMQ8kEAVkFZ	UCMqoUCDT2rtlvBS93GXGqDA
9	Ultimatum (Edit) (feat. Fatoumata Diawara)	Disclosure	Ultimatum	LIKE	3:34	CwS4Q_4FhE8	MPREb_BolmjBMSTFp	UCMqoUCDT2rtlvBS93GXGqDA
427	I Love...that You Know	Disclosure	Carnival Ep	LIKE	4:33	k3SgVNrRFsk	FEmusic_library_privately_owned_release_detailb_po_CKCA4sLKgvb7CBILY2Fybml2YWwgZXAaCmRpc2Nsb3N1cmUiA2dwbQ	FEmusic_library_privately_owned_artist_detaila_po_CKCA4sLKgvb7CBIKZGlzY2xvc3VyZQ
12	Millions	Direct	One	LIKE	5:16	CPyFwHGSzls	MPREb_12BJXr3kG5d	UCbHaM87nLnI_neIKI_sMvAg
426	Say My Name (Palace Remix)	Destiny's Child	Unknown To The Unknown	LIKE	4:45	xQTzCIIosTY	FEmusic_library_privately_owned_release_detailb_po_CKCA4sLKgvb7CBIWdW5rbm93biB0byB0aGUgdW5rbm93biIDZ3Bt	FEmusic_library_privately_owned_artist_detaila_po_CKCA4sLKgvb7CBIOZGVzdGlueXMgY2hpbGQ
439	Brock Lee Riddim	Deadboy	U Cheated	LIKE	4:13	oprFKFNQ4X4	MPREb_ePLEJndmVOR	UCwQB0mXwJro7bTtz03eCITg
116	33CHANTS	David August	D'ANGELO	LIKE	5:34	-XQkHLV3YYg	MPREb_fQAHcaLRvwk	UCJG_KyiDq2ZLrE1ukFEoTng
650	For Eternity	David August	Times	LIKE	5:31	F2dBAoGOMzA	MPREb_D2qC6tKZk3g	UCJG_KyiDq2ZLrE1ukFEoTng
651	Blossom	David August	Times	LIKE	4:59	m8HhYMw1_Mg	MPREb_D2qC6tKZk3g	UCJG_KyiDq2ZLrE1ukFEoTng
782	Help Me Through	David August	Times	LIKE	4:19	mTXy4O8YWCs	MPREb_D2qC6tKZk3g	UCJG_KyiDq2ZLrE1ukFEoTng
783	Hommage (feat. Wanja)	David August	Times	LIKE	3:52	ZFX3P9QR5EA	MPREb_D2qC6tKZk3g	UCJG_KyiDq2ZLrE1ukFEoTng
784	Velvet	David August	Times	LIKE	5:28	HdY0qPVUI1g	MPREb_D2qC6tKZk3g	UCJG_KyiDq2ZLrE1ukFEoTng
114	Aqueous	Dauwd	Heat Division	LIKE	5:06	ARqRpq15_ds	MPREb_7tkvAUPr11M	UCNuAjkBA601CDVsYDeNty7A
115	And	Dauwd	Heat Division	LIKE	5:36	U4SXq5z3JR4	MPREb_7tkvAUPr11M	UCNuAjkBA601CDVsYDeNty7A
471	Leitmotiv	Dauwd	Theory of Colours	LIKE	5:53	5fq9xz1A9Ws	MPREb_WwhZHZXQAuT	UCNuAjkBA601CDVsYDeNty7A
608	Jupiter George	Dauwd	Auto.Matic.Music (Electronic Flashback, Vol. 5)	LIKE	7:25	4J6tSyKnv7A	MPREb_gWcYuBjjNnj	UCNuAjkBA601CDVsYDeNty7A
679	Heat Division	Dauwd	Heat Division	LIKE	6:23	ybHslL7vuvU	MPREb_7tkvAUPr11M	UCNuAjkBA601CDVsYDeNty7A
664	Aidys Girls a Computer	Darkstar	Aidy's Girl Is a Computer	LIKE	5:11	Vzrkd7BYRXA	MPREb_HoDTmRYwq5U	UCRAlMv7W0hJeULsSNnX56sA
103	A1	Darkside	Darkside	LIKE	5:58	4Sx4MMO19u4	MPREb_tMYymJGYtlk	UCPWad8IPnWG-EY23ePpI3bg
104	A2	Darkside	Darkside	LIKE	4:46	s_5B5sVBj98	MPREb_tMYymJGYtlk	UCPWad8IPnWG-EY23ePpI3bg
111	What They Say	Darkside	Work	LIKE	5:39	-Yw75nnJy-g	MPREb_Piy48clBthF	UCV5ztdFTTLxKMsNcJhkPU0Q
663	Paradise Lost (Original Mix)	Darkside	Buenos Aires Trip Hop Sessions	LIKE	3:18	jT3JAGmm8C4	MPREb_gMJwx0oIRcn	UCV5ztdFTTLxKMsNcJhkPU0Q
780	Othona	Dark Sky	Othona	LIKE	4:57	dNDPpt9TggI	MPREb_isc89iQEZw1	UCLAMNUzB2O3IbLNnBZJ474Q
817	Vivid	Dark Sky	Imagin	LIKE	4:55	2J7QNYVUzIg	MPREb_ACNVWVChbAx	UCLAMNUzB2O3IbLNnBZJ474Q
818	Acacia	Dark Sky	Kilter / Acacia	LIKE	6:46	LQZcCOlFXxQ	MPREb_j3z5hTLJdtp	UCLAMNUzB2O3IbLNnBZJ474Q
727	Night Birds	Darius, Wayne Snow	Utopia	LIKE	3:00	CHFjD0Pb96E	MPREb_unT2088WZEm	UC47pz2hObnlTy47JuZJXClQ
101	Cyan	Darius	Utopia	LIKE	3:11	3iOSIR1DjRo	MPREb_unT2088WZEm	UC47pz2hObnlTy47JuZJXClQ
102	Mountains	Darius	Utopia	LIKE	5:24	X7zpaAnUgbQ	MPREb_unT2088WZEm	UC47pz2hObnlTy47JuZJXClQ
385	Omeo	Darius	Romance	LIKE	3:30	C8AyWsBpvOw	MPREb_SsXbdIOXK3p	UC47pz2hObnlTy47JuZJXClQ
726	S/ash	Darius	Romance	LIKE	4:21	u1-F8Ixq-nw	MPREb_SsXbdIOXK3p	UC47pz2hObnlTy47JuZJXClQ
728	Pyor	Darius	Utopia	LIKE	4:22	H6S4jV77q7M	MPREb_unT2088WZEm	UC47pz2hObnlTy47JuZJXClQ
779	Echo (feat. Max Jury)	Darius	Utopia	LIKE	3:55	5dlyGl3L5P4	MPREb_unT2088WZEm	UC47pz2hObnlTy47JuZJXClQ
836	Observer	Darius	Utopia	LIKE	2:29	vtfQRGizUn8	MPREb_unT2088WZEm	UC47pz2hObnlTy47JuZJXClQ
100	Ahora	Daphni	Jiaolong	LIKE	5:46	L9Jw14rjY48	MPREb_JK7ufPOCV0d	UCzwcrk5Wpn66n_jnoQPFQgQ
778	Cuz You're the One	Daniel Bortz	The One EP	LIKE	5:49	f1u9ors16SA	MPREb_LeMkkVZtQn5	UCGFxUDp1fDtCoDJ7C0z-d8A
10	Slow Fade	Daniel Avery	Song for Alpha	LIKE	5:32	7McBZUk_yS0	MPREb_XFWjgtC5G3m	UCB1ZNlOuGCLYQ_U60YOhchQ
775	Water Jump	Daniel Avery	Drone Logic	LIKE	8:29	a9DrjVRL4kQ	MPREb_6DnMORpZJHl	UCB1ZNlOuGCLYQ_U60YOhchQ
776	Knowing We'll Be Here	Daniel Avery	Drone Logic	LIKE	5:42	-JXTf-0hEMs	MPREb_6DnMORpZJHl	UCB1ZNlOuGCLYQ_U60YOhchQ
777	Flashlights (Original Mix)	Daniel Avery	Movement EP	LIKE	5:42	AToYaBycilw	MPREb_5aZxR0GQBHP	UCB1ZNlOuGCLYQ_U60YOhchQ
828	Slow Fade	Daniel Avery	Slow Fade EP	LIKE	5:28	P5dMaC5_q9Q	MPREb_man5DNQ40aO	UCB1ZNlOuGCLYQ_U60YOhchQ
652	You, Me, Here, Now	Dam Swindle	Boxed Out	LIKE	4:54	91HTf3iJTzU	MPREb_L8YbkbymWDY	UC8-qCOebKttE9Xk-kU1LtMA
609	Triangle Echoes (Mixed)	DJ Seinfeld	DJ-Kicks (DJ Seinfeld) (Mixed Tracks)	LIKE	3:19	xZDUz9-95YY	MPREb_1uvHPYWlFjK	UCshOz0mzWg4enVtjm-Dk6rw
105	Golden Arrow	DARKSIDE	Psychic	LIKE	11:19	NoFB1lOWDow	MPREb_y5oCugDaj8L	UCPWad8IPnWG-EY23ePpI3bg
106	Heart	DARKSIDE	Psychic	LIKE	4:57	Ffj-tgz8pqs	MPREb_y5oCugDaj8L	UCPWad8IPnWG-EY23ePpI3bg
107	The Only Shrine I've Seen	DARKSIDE	Psychic	LIKE	7:55	WNaeH_sap_E	MPREb_y5oCugDaj8L	UCPWad8IPnWG-EY23ePpI3bg
108	Freak, Go Home	DARKSIDE	Psychic	LIKE	6:36	7N3bNJNVysc	MPREb_y5oCugDaj8L	UCPWad8IPnWG-EY23ePpI3bg
109	Greek Light	DARKSIDE	Psychic	LIKE	2:54	7sbx9Ygbkz0	MPREb_y5oCugDaj8L	UCPWad8IPnWG-EY23ePpI3bg
110	Metatron	DARKSIDE	Psychic	LIKE	5:07	mRrBX-kREJU	MPREb_y5oCugDaj8L	UCPWad8IPnWG-EY23ePpI3bg
819	Paper Trails	DARKSIDE	Psychic	LIKE	4:49	7_NRr5UeFHI	MPREb_y5oCugDaj8L	UCPWad8IPnWG-EY23ePpI3bg
831	Zap Zap	Cut Copy	Bright Like Neon Love	LIKE	2:30	o1pNyM9bcm8	MPREb_hBTsepyuJbY	UClL93XdC3tpplPnpwhL0cfQ
419	Pap Smear	Crystal Castles	(II)	LIKE	3:41	vXyOPT0oRMQ	MPREb_qwkjTtdk0gN	UCWXtOmLntYej6FJH8Co7j6w
724	Bones	Crayon	Flee	LIKE	3:01	so6x3iSnLBk	MPREb_LVsNQmsKej1	UCJ3IX-xpxlEd7Uq0cLql1Zw
725	Forgetting Myself	Crayon	Flee	LIKE	2:10	g6ATba4DRYY	MPREb_LVsNQmsKej1	UCJ3IX-xpxlEd7Uq0cLql1Zw
30	The Heart Harmonicon	Colleen	The Golden Morning Breaks	LIKE	3:54	5edLWxiaJpI	MPREb_llpEvPhifaE	UCGQzi5QV_s0wb6RtXQaJ2HQ
774	'Toe to Toe'	Clubroot	II - MMX	LIKE	4:40	KvwumseQXBE	MPREb_zBBoEBDZ0kA	UCFXLG4-p9F3mbT5qRsP7z1A
99	Her String	Clown And Sunset Collective	Inès	LIKE	4:31	KDBJiUaVEeQ	MPREb_qDXkm9Kl9in	UC8dJ1UNXn6BjPgPRQPzj4yA
95	Still Think	Chrome Sparks	Chrome Sparks	LIKE	5:35	6XIVvRf_B4w	MPREb_Da2j1kxXxaY	UCtiBBGESRZ_I-khRHqXR3aQ
96	O, My Perfection	Chrome Sparks	Chrome Sparks	LIKE	3:54	uDRlSZ1HICE	MPREb_Da2j1kxXxaY	UCtiBBGESRZ_I-khRHqXR3aQ
723	Marijuana	Chrome Sparks	Thesoundyouneed, Vol. 1	LIKE	3:01	dDX6PCa59go	MPREb_mhsR8F208XG	UCtiBBGESRZ_I-khRHqXR3aQ
92	Eleven (feat. Mohna)	Christian Löffler	A Forest	LIKE	6:35	cZ6wzdjjwiA	MPREb_8uOCTj2Xmfv	UCB9fKgDkX_mOleBtdKXXQ_w
93	York (Original Mix)	Christian Löffler	York	LIKE	7:56	vwWS_j1F1mw	MPREb_XWBn9BByp58	UCB9fKgDkX_mOleBtdKXXQ_w
94	Mt. Grace	Christian Löffler	Young Alaska	LIKE	4:33	_H7pTuqUWrE	MPREb_Ih2gTnXSTd1	UCB9fKgDkX_mOleBtdKXXQ_w
662	Silent Night	Christian Löffler	Heights	LIKE	4:47	cyy73TLFOTQ	MPREb_a6o4u5ydJae	UCB9fKgDkX_mOleBtdKXXQ_w
825	All Comes (feat. Gry)	Christian Löffler	Young Alaska	LIKE	3:55	RvKH42vY5tg	MPREb_Ih2gTnXSTd1	UCB9fKgDkX_mOleBtdKXXQ_w
838	Haul (Radio Edit) (feat. Mohna)	Christian Löffler	Haul	LIKE	3:37	x8kMzAmfNEk	MPREb_B0Ca2yaqVjz	UCB9fKgDkX_mOleBtdKXXQ_w
721	Don't Matter (feat. Darianna Everett)	Cherokee	Don't Matter	LIKE	5:08	tuG0lox86CA	MPREb_E7PEN8lxYKC	UCPv6dje8drxgN8kYNRxw2Xg
722	Dakota	Cherokee	Teenage Fantasy	LIKE	3:48	VDKCxgIhR7o	MPREb_Pwv6vyP6fW5	UCPv6dje8drxgN8kYNRxw2Xg
607	Midnight in Peckham	Chaos In the CBD	Midnight in Peckham	LIKE	7:00	1QojHX4_0e8	MPREb_bsWUSFMLyUE	UCzR6EcwcUmjyXymP_UF4yog
717	Grey Skies	Catching Flies	The Long Journey Home	LIKE	3:55	5p8unUN8BsY	MPREb_LGb30ONFimS	UC_fmxaZ-02J6wVCuHSq4NPw
718	Let Your Hair Down	Catching Flies	The Stars	LIKE	4:43	ioEkRtw-Xdg	MPREb_P11Fq7VawmC	UC_fmxaZ-02J6wVCuHSq4NPw
719	Mt. Wolf - Life Size Ghosts (Catching Flies Remix)	Catching Flies	The Stars	LIKE	4:15	R2QZo6D_JHU	MPREb_P11Fq7VawmC	UC_fmxaZ-02J6wVCuHSq4NPw
438	Mirror Maru	Cashmere Cat	Mirror Maru - EP	LIKE	4:02	5PAij_DsXrU	MPREb_RvAD2tO66TJ	UC8Bm47ZusvwBV-w_WyRyEjw
810	Melody Day (Four Tet remix)	Caribou feat. Luke Lalonde, Adem and One Little Plane	Harbour Boat Trips 01: Copenhagen by Trentemøller	LIKE	4:04	gGVFoNl04Xw	FEmusic_library_privately_owned_release_detailb_po_CKCA4sLKgvb7CBIwaGFyYm91ciBib2F0IHRyaXBzIDAxIGNvcGVuaGFnZW4gYnkgdHJlbnRlbW9sbGVyGgx0cmVudGVtb2xsZXIiA2dwbQ	FEmusic_library_privately_owned_artist_detaila_po_CKCA4sLKgvb7CBIzY2FyaWJvdSBmZWF0IGx1a2UgbGFsb25kZSBhZGVtIGFuZCBvbmUgbGl0dGxlIHBsYW5l
76	Irene	Caribou	Andorra	LIKE	3:37	vaYUnjDeWbE	MPREb_GeSw5E4w62J	UC0Y8iKYiei1z6jPHHvZ6dQw
77	The Barn	Caribou	Marino	LIKE	4:53	s92Essvvgrw	MPREb_zuQXz2QJD23	UC0Y8iKYiei1z6jPHHvZ6dQw
78	Pelican Narrows	Caribou	The Milk of Human Kindness	LIKE	3:50	JCfE1O0hgw0	MPREb_kUNrz3bjfXk	UC0Y8iKYiei1z6jPHHvZ6dQw
79	All I Ever Need	Caribou	Our Love	LIKE	3:52	HYGJM3iZNwk	MPREb_pLHH7SwsI9w	UC0Y8iKYiei1z6jPHHvZ6dQw
80	Our Love	Caribou	Our Love	LIKE	5:34	ra9o8IrZK3I	MPREb_pLHH7SwsI9w	UC0Y8iKYiei1z6jPHHvZ6dQw
81	Dive	Caribou	Our Love	LIKE	2:06	i5oav4TpB9Q	MPREb_pLHH7SwsI9w	UC0Y8iKYiei1z6jPHHvZ6dQw
82	Julia Brightly	Caribou	Our Love	LIKE	2:03	cPs5He_qWyc	MPREb_pLHH7SwsI9w	UC0Y8iKYiei1z6jPHHvZ6dQw
83	Julia Brightly	Caribou	Our Love (Expanded Edition)	LIKE	2:04	9OG06IaMxpg	MPREb_ylOnKGXeJKX	UC0Y8iKYiei1z6jPHHvZ6dQw
84	Back Home	Caribou	Our Love (Expanded Edition)	LIKE	3:34	r5QhVE2JFg4	MPREb_ylOnKGXeJKX	UC0Y8iKYiei1z6jPHHvZ6dQw
87	Sun	Caribou	Swim	LIKE	5:44	JYh0gvMBtdI	MPREb_5ckRvFIw1p0	UC0Y8iKYiei1z6jPHHvZ6dQw
88	Found Out	Caribou	Swim	LIKE	3:18	Rq7zEur3jig	MPREb_5ckRvFIw1p0	UC0Y8iKYiei1z6jPHHvZ6dQw
89	Bowls	Caribou	Swim	LIKE	6:21	pDiVrKzmYUk	MPREb_5ckRvFIw1p0	UC0Y8iKYiei1z6jPHHvZ6dQw
90	Leave House	Caribou	Swim	LIKE	5:12	3_EcsBZ4w8k	MPREb_5ckRvFIw1p0	UC0Y8iKYiei1z6jPHHvZ6dQw
91	Lalibela	Caribou	Swim	LIKE	2:25	juWSXN1A4nk	MPREb_5ckRvFIw1p0	UC0Y8iKYiei1z6jPHHvZ6dQw
395	Your Love Will Set You Free	Caribou	Our Love	LIKE	5:47	cURpm2FCCHA	MPREb_pLHH7SwsI9w	UC0Y8iKYiei1z6jPHHvZ6dQw
396	Can't Do Without You (Extended Mix)	Caribou	Our Love (Expanded Edition)	LIKE	6:34	1CN0VBPQygs	MPREb_ylOnKGXeJKX	UC0Y8iKYiei1z6jPHHvZ6dQw
25	Thunderdome Got Crunk (Chaos In The CBD Mix)	Canblaster	Jetpack Remixes EP	LIKE	5:31	1MkxhG1W9-Y	MPREb_9nhQg6vlHvj	UCBRPMw_X2O7uxiEnE86zn_w
458	Ego	Burial + Four Tet + Thom Yorke	Ego / Mirror	LIKE	6:45	ber5EZ9uEFM	FEmusic_library_privately_owned_release_detailb_po_CKCA4sLKgvb7CBIKZWdvIG1pcnJvchocYnVyaWFsICBmb3VyIHRldCAgdGhvbSB5b3JrZSIDZ3Bt	FEmusic_library_privately_owned_artist_detaila_po_CKCA4sLKgvb7CBIcYnVyaWFsICBmb3VyIHRldCAgdGhvbSB5b3JrZQ
425	Nova	Burial + Four Tet	Nova	LIKE	5:44	HihMSIRiv2g	FEmusic_library_privately_owned_release_detailb_po_CKCA4sLKgvb7CBIEbm92YRodY2hpY28gcGluaGVpcm8gYW50aG9ueSB3aWxzb24iA2dwbQ	FEmusic_library_privately_owned_artist_detaila_po_CKCA4sLKgvb7CBIQYnVyaWFsICBmb3VyIHRldA
457	Moth	Burial + Four Tet	Moth / Wolf Cub	LIKE	9:01	vMshfJU3na0	FEmusic_library_privately_owned_release_detailb_po_CKCA4sLKgvb7CBINbW90aCB3b2xmIGN1YhoQYnVyaWFsICBmb3VyIHRldCIDZ3Bt	FEmusic_library_privately_owned_artist_detaila_po_CKCA4sLKgvb7CBIQYnVyaWFsICBmb3VyIHRldA
53	1009	Bonobo	Black Sands	LIKE	4:30	2bnqUKqaMZI	MPREb_ALeXezIU8OA	UCWBqhkfK4YT2OI3mJRQnNXg
54	Prelude (Lapalux's Finger on the Tape Remix)	Bonobo	Black Sands Remixed	LIKE	4:18	op2GdYeeIBY	MPREb_eHLttahLW9z	UCWBqhkfK4YT2OI3mJRQnNXg
55	The Keeper (Alex Banks Remix) (feat. Andreya Triana)	Bonobo	Black Sands Remixed	LIKE	6:11	oe-33sjkXy8	MPREb_eHLttahLW9z	UCWBqhkfK4YT2OI3mJRQnNXg
56	Bambro Koyo Ganda (feat. Innov Gnawa)	Bonobo	Migration	LIKE	5:03	joAiTxc-_EI	MPREb_bN9M8Uga11j	UCWBqhkfK4YT2OI3mJRQnNXg
57	Cirrus	Bonobo	The North Borders	LIKE	5:49	KivTOMUltBs	MPREb_QGrrd7Ht3FP	UCWBqhkfK4YT2OI3mJRQnNXg
58	Sapphire	Bonobo	The North Borders	LIKE	4:47	pILWyqldTmc	MPREb_QGrrd7Ht3FP	UCWBqhkfK4YT2OI3mJRQnNXg
59	Jets	Bonobo	The North Borders	LIKE	4:34	u_2fZk4qmHQ	MPREb_QGrrd7Ht3FP	UCWBqhkfK4YT2OI3mJRQnNXg
60	Know You	Bonobo	The North Borders	LIKE	4:05	WMCE8B_18-g	MPREb_QGrrd7Ht3FP	UCWBqhkfK4YT2OI3mJRQnNXg
61	Antenna	Bonobo	The North Borders	LIKE	3:32	Kg9h7r8eSBw	MPREb_QGrrd7Ht3FP	UCWBqhkfK4YT2OI3mJRQnNXg
62	Ten Tigers	Bonobo	The North Borders	LIKE	4:03	kHgR3xL938Y	MPREb_QGrrd7Ht3FP	UCWBqhkfK4YT2OI3mJRQnNXg
437	Eyesdown (Floating Points Remix) (feat. Andreya Triana)	Bonobo	Black Sands Remixed	LIKE	6:03	3csUiOjZpKs	MPREb_eHLttahLW9z	UCWBqhkfK4YT2OI3mJRQnNXg
470	Samurai	Bonobo	Bambro Koyo Ganda	LIKE	5:42	oXuTuFuVrqk	MPREb_Vm5nYsnTrS4	UCWBqhkfK4YT2OI3mJRQnNXg
685	Animals	Bonobo	Black Sands	LIKE	6:44	CH5v-Ot4moI	MPREb_ALeXezIU8OA	UCWBqhkfK4YT2OI3mJRQnNXg
50	Turquoise Hexagon Sun	Boards of Canada	Hi Scores	LIKE	5:08	PXUpjcJwnqs	MPREb_bOscMyb5UB6	UCidyEq0ZC6rcqZmwKt_g_2g
52	Open The Light	Boards Of Canada	Music Has The Right To Children	LIKE	4:26	WZDbGTNvOoU	MPREb_MEQIpurhIQN	UCidyEq0ZC6rcqZmwKt_g_2g
5	Opal (Four Tet Remix)	Bicep	Opal (Four Tet Remix)	LIKE	8:14	LU3rQU7Vgcc	MPREb_Co7N7ngq9P9	UCgapGYYYntw8Wg57E1DI7NA
816	2000 angels	Ben Khan	Ben Khan	LIKE	3:37	zs6mSyNpDng	MPREb_3nMQwuMJTXk	UCVLzt3t6wy6XJuzlAio7iVA
830	Eden	Ben Khan	1992 EP	LIKE	2:36	wiHn2p8F6wI	MPREb_R1MLLW4Vdjk	UCVLzt3t6wy6XJuzlAio7iVA
824	Escapements	Beacon	Escapements	LIKE	3:58	5_FpNf2qIrI	MPREb_EzVVRzxAZqo	UC2HwVXniCrysuGGK1VjVYCg
46	Lovely Bloodflow	Baths	Cerulean	LIKE	3:36	Iwwb3zNgh9E	MPREb_qNBILVSWBtu	UCoU3IHb9X8LSVlWnqV5SU7g
684	♥	Baths	Cerulean	LIKE	3:18	QunYS3FLi0E	MPREb_qNBILVSWBtu	UCoU3IHb9X8LSVlWnqV5SU7g
43	See Birds (Moon)	Balam Acab	See Birds	LIKE	3:48	PVNHdUFYQ-M	MPREb_zGxDCypVzPl	UCSLpYkbD5gUZavivFAJPYBA
44	Apart	Balam Acab	Wander/Wonder	LIKE	3:00	DltgZvTmH1k	MPREb_7ub3g5cQEgc	UCSLpYkbD5gUZavivFAJPYBA
45	Oh, Why	Balam Acab	Wander/Wonder	LIKE	4:11	kN0rtVpnnbs	MPREb_7ub3g5cQEgc	UCSLpYkbD5gUZavivFAJPYBA
683	Regret Making Mistakes	Balam Acab	See Birds	LIKE	4:18	-5pGCvKGTYE	MPREb_zGxDCypVzPl	UCSLpYkbD5gUZavivFAJPYBA
766	Motion	Balam Acab	Wander/Wonder	LIKE	4:03	ihbN2zboH64	MPREb_7ub3g5cQEgc	UCSLpYkbD5gUZavivFAJPYBA
767	Now Time	Balam Acab	Wander/Wonder	LIKE	4:07	rsKLty38GAk	MPREb_7ub3g5cQEgc	UCSLpYkbD5gUZavivFAJPYBA
827	Big Boy	Balam Acab	See Birds	LIKE	4:31	UBfZXk8mzSg	MPREb_zGxDCypVzPl	UCSLpYkbD5gUZavivFAJPYBA
512	And That, Too	Badbadnotgood	IV	LIKE	4:31	tMGDAg8Ct6A	MPREb_Pzf9Y2myTh8	UCeLdRRQwPb-KP8Qj7j3P5dw
525	Chompy's Paradise	Badbadnotgood	IV	LIKE	3:51	GngfRnsbKTU	MPREb_Pzf9Y2myTh8	UCeLdRRQwPb-KP8Qj7j3P5dw
540	Structure No. 3	Badbadnotgood	IV	LIKE	4:08	BxowIHa20QE	MPREb_Pzf9Y2myTh8	UCeLdRRQwPb-KP8Qj7j3P5dw
42	Fantastic Piano	Axel Boman	Family Vacation	LIKE	4:00	JCGImSM_Zdc	MPREb_GtGladCPJMm	UCToXpL5S9rE2qf2lpR8tTXw
37	Default	Atoms For Peace	AMOK	LIKE	5:16	h7wS0WlSRU8	MPREb_hFRUUZzq6WG	UCH8GCZswXI_oCaR-ByiXnmg
38	Ingenue	Atoms For Peace	AMOK	LIKE	4:31	qLSxDOSfELY	MPREb_hFRUUZzq6WG	UCH8GCZswXI_oCaR-ByiXnmg
384	Only If You Mean It	Arkist	I Couldnt Possibly / Only If You Mean It	LIKE	5:03	eqZUax4aZWg	FEmusic_library_privately_owned_release_detailb_po_CKCA4sLKgvb7CBIoaSBjb3VsZG7CknQgcG9zc2libHkgb25seSBpZiB5b3UgbWVhbiBpdCIDZ3Bt	FEmusic_library_privately_owned_artist_detaila_po_CKCA4sLKgvb7CBIGYXJraXN0
716	Fill My Coffee	Arkist	Rendezvous / Fill My Coffee	LIKE	4:50	gTAdShepiWs	MPREb_3GkjW9zN9Dx	UC_zvs3Rycn25Ck-kqwIM6kw
639	Primo	Ark Patrol	Primo	LIKE	3:25	Wyjg0oNNTdI	MPREb_xJieeYoCZ58	UC1TZ4HwI-mz6vfnPtF4JGVA
682	DAWAN	Apparat	LP5	LIKE	4:30	SQmAoqumhXc	MPREb_lTrvzeeqsMB	UCCcw3knHXYtjMLrJ0V_KHKA
764	Sweet Unrest	Apparat	The Devil's Walk	LIKE	3:34	CXioupeSLjc	MPREb_Gxb9OP5GQCV	UCCcw3knHXYtjMLrJ0V_KHKA
765	Useless Information	Apparat	Walls	LIKE	4:04	Whxrunpg9h0	MPREb_PuwbkgKSRMv	UCCcw3knHXYtjMLrJ0V_KHKA
32	Xtal	Aphex Twin	Selected Ambient Works 85-92	LIKE	4:53	sWcLccMuCA8	MPREb_gaJgUErCmNd	UCWmnkYUzoOiOztmPBhIlZjg
33	Pulsewidth	Aphex Twin	Selected Ambient Works 85-92	LIKE	3:48	OtAweb0IV14	MPREb_gaJgUErCmNd	UCWmnkYUzoOiOztmPBhIlZjg
34	Ageispolis	Aphex Twin	Selected Ambient Works 85-92	LIKE	5:23	bdWIwpTS48s	MPREb_gaJgUErCmNd	UCWmnkYUzoOiOztmPBhIlZjg
35	Heliosphan	Aphex Twin	Selected Ambient Works 85-92	LIKE	4:53	Xxk-ryO6J2I	MPREb_gaJgUErCmNd	UCWmnkYUzoOiOztmPBhIlZjg
36	minipops 67 [120.2][source field mix]	Aphex Twin	Syro	LIKE	4:48	yl_zy389rbk	MPREb_RcJ9dAMSRWl	UCWmnkYUzoOiOztmPBhIlZjg
763	Luxury Problems	Andy Stott	Luxury Problems	LIKE	5:03	5j5tdFcBUxY	MPREb_4PQvVQKvMdp	UCUKjzgFCEy5dmhdaTQMR72g
681	It's Going To Be Fine	Andrew Bayer	If It Were You, We'd Never Leave	LIKE	3:56	M8qVLi3T5rY	MPREb_6NMqscVYWaT	UC2-3iA9cVO3zmfqBpI_9SAw
23	AS A.W.O.L	Amnesia Scanner	Another Life	LIKE	3:29	Kk0C3C1oy5s	MPREb_wWm8aIiAUbJ	UCcmsGDcnyy1DU6-X7AeSKVg
8	Free Form	Alex Lustig	Wave002	LIKE	2:48	LV2ySKf7bbY	MPREb_J3wFWq38wBj	UCHIudwG_JTTOkFNlgDY4-vQ
823	Sheya	Alex Banks	Illuminate	LIKE	5:35	bEEDD85z52A	MPREb_MNPA1WBECwq	UCA4eCbMfuO7aP0P1JG-u0MA
418	Sol	Alef	Sol y Luna	LIKE	6:41	0QkImfX0ZhY	MPREb_XnhM4DmTfVq	UC7T7aMZpbraix4R5z_5KqVQ
472	I Never Dream	Against All Logic	2012 - 2017	LIKE	6:45	F6Y5FSsQbIQ	MPREb_nGo7AiS8iiy	UCM2MeXVuQH9lJQWDPE9Ik_Q
482	Rave on U	Against All Logic	2012 - 2017	LIKE	9:55	lRxz3hpe8X4	MPREb_nGo7AiS8iiy	UCM2MeXVuQH9lJQWDPE9Ik_Q
487	This Old House Is All I Have	Against All Logic	2012 - 2017	LIKE	3:38	hKSaVRJaidM	MPREb_nGo7AiS8iiy	UCM2MeXVuQH9lJQWDPE9Ik_Q
495	Such a Bad Way	Against All Logic	2012 - 2017	LIKE	4:53	9YahGsDkYHE	MPREb_nGo7AiS8iiy	UCM2MeXVuQH9lJQWDPE9Ik_Q
500	Know You	Against All Logic	2012 - 2017	LIKE	4:24	yVh4PanPdj4	MPREb_nGo7AiS8iiy	UCM2MeXVuQH9lJQWDPE9Ik_Q
511	Hopeless	Against All Logic	2012 - 2017	LIKE	5:40	Hlzb13elEno	MPREb_nGo7AiS8iiy	UCM2MeXVuQH9lJQWDPE9Ik_Q
515	Trouble Rooney	Against All Logic	Issue #9	LIKE	4:59	JdP979pi_aw	MPREb_v1Q3PaE5voZ	UCM2MeXVuQH9lJQWDPE9Ik_Q
524	Now U Got Me Hooked	Against All Logic	2012 - 2017	LIKE	5:51	kfbFPgljt88	MPREb_nGo7AiS8iiy	UCM2MeXVuQH9lJQWDPE9Ik_Q
536	Cityfade	Against All Logic	2012 - 2017	LIKE	5:40	58V3bcJ3rIQ	MPREb_nGo7AiS8iiy	UCM2MeXVuQH9lJQWDPE9Ik_Q
541	For Kennedy	Against All Logic	Issue #9	LIKE	6:38	19IQwUVeA0k	MPREb_v1Q3PaE5voZ	UCM2MeXVuQH9lJQWDPE9Ik_Q
545	Flash in the Pan	Against All Logic	2012 - 2017	LIKE	7:27	iK9jJHtOXM4	MPREb_nGo7AiS8iiy	UCM2MeXVuQH9lJQWDPE9Ik_Q
554	Some Kind of Game	Against All Logic	2012 - 2017	LIKE	6:47	92ni1Z--LPw	MPREb_nGo7AiS8iiy	UCM2MeXVuQH9lJQWDPE9Ik_Q
665	Ascending	Actress	R.I.P.	LIKE	3:08	ICBtRddkyXM	MPREb_tRvkJhfR87U	UCgzkJkxVFn03DlVTyft-Fxw
762	Holy Water	Actress	R.I.P.	LIKE	1:39	r_mza17MJo0	MPREb_tRvkJhfR87U	UCgzkJkxVFn03DlVTyft-Fxw
715	Tapped in	ARCA	Stretch 2	LIKE	2:34	Uh1nLBVqTSQ	MPREb_z8K7f61ulSX	UCxtNUmTQo1hJ3jEW7Z8EiYg
454	Secret Secret	123Mrk		LIKE	5:32	SlXcgE_7s5A		UCNNtcM4CfZkMJKXk_RctP9g
464	Untroubled	123Mrk	Refined Madness	LIKE	5:06	moXyfb1Kt1w	FEmusic_library_privately_owned_release_detailb_po_CKCA4sLKgvb7CBIPcmVmaW5lZCBtYWRuZXNzGgYxMjNtcmsiA2dwbQ	FEmusic_library_privately_owned_artist_detaila_po_CKCA4sLKgvb7CBIGMTIzbXJr
465	Weird	123Mrk	Refined Madness	LIKE	4:47	2OBjNEl_nk0	FEmusic_library_privately_owned_release_detailb_po_CKCA4sLKgvb7CBIPcmVmaW5lZCBtYWRuZXNzGgYxMjNtcmsiA2dwbQ	FEmusic_library_privately_owned_artist_detaila_po_CKCA4sLKgvb7CBIGMTIzbXJr
466	Thrill	123Mrk	Refined Madness	LIKE	4:44	EnGDhB3KjZM	FEmusic_library_privately_owned_release_detailb_po_CKCA4sLKgvb7CBIPcmVmaW5lZCBtYWRuZXNzGgYxMjNtcmsiA2dwbQ	FEmusic_library_privately_owned_artist_detaila_po_CKCA4sLKgvb7CBIGMTIzbXJr
713	Long Early Morning	1000names	Illuminated Man	LIKE	3:10	Sl9NykMUVcc	MPREb_2jtRPvQUhaT	UCh3USZ7BdTBp8sIudlThZzg
390	3lo – Regrets (with Old Acquaintances)			LIKE	4:17	_MyoXhp4_vY		
391	Andreya Triana - A Town Called Obsolete (Mount  Kimbie remix)			LIKE	3:21	Z668AeCKdLk		
392	COMEDOWN			LIKE	7:29	wY8aW1_ePNI		
503	Licking An Orchid (feat. James K)	Yves Tumor	Licking An Orchid	INDIFFERENT	4:39	KzVeRNGehOU	MPREb_wRojbBszLIz	UC42tK0ySS5GfdaN-c6acQcA
529	Faith In Nothing Except In Salvation	Yves Tumor	Safe In The Hands of Love	INDIFFERENT	1:34	Z6cIlS8L1Ho	MPREb_5lDLbI9U8M6	UC42tK0ySS5GfdaN-c6acQcA
373	Moan(Original Mix)	Trentemøller	The Last Resort	INDIFFERENT	5:50	9W3tRlwQK7A	MPREb_CKYwiWTKNtB	UCVKQD_Paj5SopCxS-qudbHg
452	Never Stop	Tourist	Tonight	INDIFFERENT	5:30	u8FWzDSgIpA	MPREb_LbpLXu6WkJR	UCP-mlMKCt28XuYwWvECgtAw
372	Before I'm Done	Toro Y Moi	Underneath The Pine	INDIFFERENT	2:43	4HNZnF-6fWw	MPREb_6ZYb8GZKE4l	UCJikOjbf3VffCdLXTsbxfxg
757	Overcome (feat. Merryn Jeann)	Tora	Thesoundyouneed, Vol. 1	INDIFFERENT	3:06	RPwAT08SCG4	MPREb_mhsR8F208XG	UCY2xSEeJNcNH0j4-FxHqfeg
450	Spirals	Synkro	Acceptance	INDIFFERENT	3:56	s7Kni4YnADg	MPREb_okC0Mkpf3T5	UCftWY9HJZtBEBd0Y9ftDPxQ
388	I'm sorry (feat. shiloh)	Swell	theres still us EP	INDIFFERENT	2:37	PL7pbabXftU	FEmusic_library_privately_owned_release_detailb_po_CKCA4sLKgvb7CBISdGhlcmVzIHN0aWxsIHVzIGVwIgNncG0	FEmusic_library_privately_owned_artist_detaila_po_CKCA4sLKgvb7CBIFc3dlbGw
625	Sky Lounge	Project Pablo	I Want To Believe	INDIFFERENT	4:40	vA1wt5wrWdQ	MPREb_JPN45wqVI1u	UCfs8MUK10NUHXQ-J5zfDqzA
626	Follow It Up	Project Pablo	I Want To Believe	INDIFFERENT	3:41	aivIz-7oMTE	MPREb_JPN45wqVI1u	UCfs8MUK10NUHXQ-J5zfDqzA
544	Age Of	Oneohtrix Point Never	Age Of	INDIFFERENT	3:25	UTysBiSPUAY	MPREb_hEmOiScD2Cl	UCnj8OjhJVGOgCq8zEN1tGNg
26	Fog (Jamie XX Remix)	Nosaj Thing	Drift Remixed	INDIFFERENT	4:40	yGhOBs_8g2w	MPREb_eHbA6u809BO	UCg-Tm8zz9_VME3VvV9mVN0Q
274	Quest	Nosaj Thing	Drift	INDIFFERENT	1:36	vzQP6-II0oE	MPREb_YF2xA6hAMYL	UCg-Tm8zz9_VME3VvV9mVN0Q
550	"""Sparkle"" GOD HELP ME"	Nilüfer Yanya	Miss Universe	INDIFFERENT	1:32	gEmYrv_D6EE	MPREb_i81VciZ6e4M	UCn3Yplsc2ThFE8fTVFyXx6Q
564	Paralysed	Nilüfer Yanya	Miss Universe	INDIFFERENT	4:27	-L-YuYEHako	MPREb_i81VciZ6e4M	UCn3Yplsc2ThFE8fTVFyXx6Q
576	Paradise	Nilüfer Yanya	Miss Universe	INDIFFERENT	3:59	hZ7foAreK1Q	MPREb_i81VciZ6e4M	UCn3Yplsc2ThFE8fTVFyXx6Q
230	Break Well	Mount Kimbie	Cold Spring Fault Less Youth	INDIFFERENT	3:43	yjejMQoJcVQ	MPREb_NfwH44eY8HF	UCr10ZmksmCibKV5GzPjHdaw
231	Made to Stray	Mount Kimbie	Made To Stray	INDIFFERENT	4:47	knO8AzoBHLQ	MPREb_y4aW6qFA6W9	UCr10ZmksmCibKV5GzPjHdaw
242	Blue Train Lines (feat. King Krule)	Mount Kimbie	Blue Train Lines	INDIFFERENT	4:11	6nWmG6mbe-U	MPREb_X9soJyIdyVD	UCr10ZmksmCibKV5GzPjHdaw
243	Audition	Mount Kimbie	Love What Survives	INDIFFERENT	4:14	s2LCDUszyCY	MPREb_9k231Yn8SJc	UCr10ZmksmCibKV5GzPjHdaw
244	Marilyn (feat. Micachu)	Mount Kimbie	Love What Survives	INDIFFERENT	4:07	FBmSf0T71TY	MPREb_9k231Yn8SJc	UCr10ZmksmCibKV5GzPjHdaw
245	You Look Certain (I’m Not So Sure) (feat. Andrea Balency)	Mount Kimbie	You Look Certain (I’m Not So Sure)	INDIFFERENT	3:23	BH9ssyhG0NQ	MPREb_wfdyLWfN6oU	UCr10ZmksmCibKV5GzPjHdaw
246	We Go Home Together (feat. James Blake)	Mount Kimbie	We Go Home Together	INDIFFERENT	2:36	BQWI3AcIlJM	MPREb_zgSDLfpYHSU	UCr10ZmksmCibKV5GzPjHdaw
247	T.A.M.E.D (Ellen Allien Berlin RMX)	Mount Kimbie	Love What Survives Remixes - Part 2	INDIFFERENT	7:19	T0A7h8SMlKs	MPREb_0ZbwmFfnxao	UCr10ZmksmCibKV5GzPjHdaw
255	You Look Certain (I’m Not So Sure) (feat. Andrea Balency)	Mount Kimbie	Love What Survives	INDIFFERENT	3:23	hVM-qbNsz6Y	MPREb_9k231Yn8SJc	UCr10ZmksmCibKV5GzPjHdaw
256	You Look Certain (I’m Not So Sure) (Kelly Lee Owens Rework)	Mount Kimbie	You Look Certain (I’m Not So Sure)	INDIFFERENT	6:30	I8W-YbzMhnE	MPREb_wfdyLWfN6oU	UCr10ZmksmCibKV5GzPjHdaw
492	Poison	Mount Kimbie	Love What Survives	INDIFFERENT	1:54	ykhDWaxSaGw	MPREb_9k231Yn8SJc	UCr10ZmksmCibKV5GzPjHdaw
571	Four Years and One Day	Mount Kimbie	Four Years and One Day	INDIFFERENT	3:18	aCIO4-Et4bA	MPREb_mpmN2RsdU1R	UCr10ZmksmCibKV5GzPjHdaw
577	SP12 Beat	Mount Kimbie	Love What Survives	INDIFFERENT	2:33	FMeEIEIoarY	MPREb_9k231Yn8SJc	UCr10ZmksmCibKV5GzPjHdaw
582	How We Got By (feat. James Blake)	Mount Kimbie	Love What Survives	INDIFFERENT	5:07	ejPDSj_ssvg	MPREb_9k231Yn8SJc	UCr10ZmksmCibKV5GzPjHdaw
705	Fall Out	Mount Kimbie	Cold Spring Fault Less Youth	INDIFFERENT	2:43	E9jTodf61Yw	MPREb_NfwH44eY8HF	UCr10ZmksmCibKV5GzPjHdaw
800	Home Recording	Mount Kimbie	Cold Spring Fault Less Youth	INDIFFERENT	4:37	SRg_7eUWkn8	MPREb_NfwH44eY8HF	UCr10ZmksmCibKV5GzPjHdaw
748	Brume	Les Gordon	Atlas - EP	INDIFFERENT	3:05	4PsOIKy17Eg	MPREb_DRB41QeNR84	UCNhnIuFYhUujKdN069ndGBA
616	Be Brave, Clench Fists	Leon Vynehall	Music for the Uninvited	INDIFFERENT	6:45	XmuWboxDdAg	MPREb_BmRW7NK1fMi	UCfG9U3KHCTwq8ED0SpQrJ4g
617	Pier Children	Leon Vynehall	Music for the Uninvited	INDIFFERENT	6:16	iElzrDiv21Q	MPREb_BmRW7NK1fMi	UCfG9U3KHCTwq8ED0SpQrJ4g
182	Calf Is Born in Winter	Khruangbin	LateNightTales (Unmixed Tracks)	INDIFFERENT	3:29	nFSQrtHnx-E	FEmusic_library_privately_owned_release_detailb_po_CKCA4sLKgvb7CBIdbGF0ZW5pZ2h0dGFsZXMgdW5taXhlZCB0cmFja3MaBmJvbm9ibyIDZ3Bt	FEmusic_library_privately_owned_artist_detaila_po_CKCA4sLKgvb7CBIKa2hydWFuZ2Jpbg
660	The Low Places	Jon Hopkins	Insides	INDIFFERENT	6:35	DgazonBiuHg	MPREb_U9WJ3cHzVHK	UCpbWC9Xun4IM_28zH623-nw
170	Footnotes	James Blake	CMYK EP	INDIFFERENT	4:46	WcdJGUT2AiI	MPREb_a2T1B99RoZp	UCx90L12QXzc18AGYFRof-EA
739	Klavierwerke	James Blake	Klavierwerke EP	INDIFFERENT	5:06	3J-UfbJXWxQ	MPREb_e0ZDZX95G8F	UCx90L12QXzc18AGYFRof-EA
740	Love What Happened Here	James Blake	Love What Happened Here	INDIFFERENT	5:34	yA0ByzjkCq4	MPREb_HR2ZgvvUJjf	UCx90L12QXzc18AGYFRof-EA
738	BTSTU (Edit)	Jai Paul	PAY CLOSE ATTENTION: XL Recordings	INDIFFERENT	3:30	yXXVKEicHBY	MPREb_CIckalKskxD	UCnAysa-bmqQN4g_csowns0Q
613	After Life After Party	Jacques Greene	After Life After Party	INDIFFERENT	4:45	l52xDcaFgaQ	MPREb_rHcPYNk113x	UCe8iUza1vwtLe2IsT2sfXlQ
614	To Say	Jacques Greene	To Say	INDIFFERENT	3:19	tX2XcMIgs40	MPREb_rs3rmLiUTMk	UCe8iUza1vwtLe2IsT2sfXlQ
615	Real Time	Jacques Greene	Real Time	INDIFFERENT	4:00	6qa3gBWW-KE	MPREb_By1S23NPqKF	UCe8iUza1vwtLe2IsT2sfXlQ
675	Nordschleife	Jacques Greene	Nordschleife	INDIFFERENT	4:44	ihOE2GGLkCU	MPREb_D9LO5btrRav	UCe8iUza1vwtLe2IsT2sfXlQ
790	Afterglow	Jacques Greene	Feel Infinite	INDIFFERENT	3:52	UsT8F9FDHyE	MPREb_xzuifeUs2Bq	UCe8iUza1vwtLe2IsT2sfXlQ
832	Flutes (Sasha Remix)	Hot Chip	Flutes (Sasha Remix)	INDIFFERENT	9:30	Y_gOhG38oBs	MPREb_fJlTyqH63xE	UCelQU7g_ZFCyK2ylb-mcrQw
669	Sixteen	Hologramme	Sixteen	INDIFFERENT	3:41	RmqLcUs4eyQ	MPREb_MYWgZzytxAQ	UCaJ2AeG-9JBUywakOHKlgFg
139	Circling	Four Tet	There Is Love In You	INDIFFERENT	5:17	KcrThqzguVs	MPREb_JYAqc6f22rK	UCd6q-S_HAePombe72bczCkA
140	Sing	Four Tet	There Is Love In You	INDIFFERENT	6:48	y3PDhicL2l0	MPREb_JYAqc6f22rK	UCd6q-S_HAePombe72bczCkA
430	Pyramid (Atoms for Peace Remix)	Four Tet	Pink Remixes	INDIFFERENT	7:38	aU9WGnp6eIU	FEmusic_library_privately_owned_release_detailb_po_CKCA4sLKgvb7CBIMcGluayByZW1peGVzIgNncG0	FEmusic_library_privately_owned_artist_detaila_po_CKCA4sLKgvb7CBIIZm91ciB0ZXQ
122	German Haircut	Flying Lotus	Cosmogramma	INDIFFERENT	1:58	eh0px6rBeEo	MPREb_3aYVH4Fv4EC	UCJvOvKwxPEL-4RtSvu_nWhQ
124	Breathe . Something/Stellar STar	Flying Lotus	Los Angeles	INDIFFERENT	3:21	cpAIID66_08	MPREb_j1egHGYdncD	UCJvOvKwxPEL-4RtSvu_nWhQ
125	Gng Bng	Flying Lotus	Warp20 (Chosen)	INDIFFERENT	3:41	UJgtxz4tCeM	MPREb_wHDWMgNrPpD	UCJvOvKwxPEL-4RtSvu_nWhQ
126	Parisian Goldfish	Flying Lotus	Los Angeles	INDIFFERENT	3:02	YAF9WYj93w8	MPREb_j1egHGYdncD	UCJvOvKwxPEL-4RtSvu_nWhQ
127	All In	Flying Lotus	Until The Quiet Comes	INDIFFERENT	2:59	F6x7Jy95lwA	MPREb_hVUp5KW3YlQ	UCJvOvKwxPEL-4RtSvu_nWhQ
128	All The Secrets	Flying Lotus	Until The Quiet Comes	INDIFFERENT	1:57	0zzlXcjgiio	MPREb_hVUp5KW3YlQ	UCJvOvKwxPEL-4RtSvu_nWhQ
653	Galaxy In Janaki	Flying Lotus	Cosmogramma	INDIFFERENT	2:28	4b7P4P7SQcw	MPREb_3aYVH4Fv4EC	UCJvOvKwxPEL-4RtSvu_nWhQ
654	Camel	Flying Lotus	Los Angeles	INDIFFERENT	2:23	vtnloQunQPc	MPREb_j1egHGYdncD	UCJvOvKwxPEL-4RtSvu_nWhQ
692	Do The Astral Plane	Flying Lotus	Cosmogramma	INDIFFERENT	3:58	V_VeIP_l7iA	MPREb_3aYVH4Fv4EC	UCJvOvKwxPEL-4RtSvu_nWhQ
786	Nose Art	Flying Lotus	Cosmogramma	INDIFFERENT	1:59	uF31f6tQ0mM	MPREb_3aYVH4Fv4EC	UCJvOvKwxPEL-4RtSvu_nWhQ
461	Pascal's Chorus (feat. Alby Daniels)	Fantastic Mr Fox	San'En	INDIFFERENT	7:31	WLm_U0sWeVY	MPREb_ime6rHfpDDp	UC1L5PvLPksgLtDw2VTE0ooA
112	Bed Music - North View	Darkstar	News From Nowhere	INDIFFERENT	3:41	Adl19Ivtp_E	MPREb_ufFV0KHcUsA	UCRAlMv7W0hJeULsSNnX56sA
781	Young Heart's	Darkstar	News From Nowhere	INDIFFERENT	2:58	s8I774bc7Jo	MPREb_ufFV0KHcUsA	UCRAlMv7W0hJeULsSNnX56sA
771	Herr Bar	Clark	Body Riddle	INDIFFERENT	3:55	fPxnk3YhbbU	MPREb_LR2aWrnsPOS	UCnjAJRW6TGaa09fxQgP9y5w
772	Ted	Clark	Body Riddle	INDIFFERENT	2:55	PsT-nbVBsXw	MPREb_LR2aWrnsPOS	UCnjAJRW6TGaa09fxQgP9y5w
773	Snowbird	Clark	Rellik EP	INDIFFERENT	4:06	Of60sqKLZM8	MPREb_mHlfM8Hi2pl	UCnjAJRW6TGaa09fxQgP9y5w
826	Com Touch	Clark	Iradelphic	INDIFFERENT	4:24	QG68JoT-wkg	MPREb_08GlX0AQfuY	UCnjAJRW6TGaa09fxQgP9y5w
98	She's Hot	Clams Casino	Instrumentals	INDIFFERENT	2:56	r_nSz72AMNs	MPREb_Y9DPOguXbRG	UCsjNUqoFEYBrvapB4G9upZw
770	Treetop	Clams Casino	Rainforest (Deluxe Edition)	INDIFFERENT	3:21	O1BsNklTssk	MPREb_ZzICw6N7i6b	UCsjNUqoFEYBrvapB4G9upZw
97	Marijuana	Chrome Sparks	Kitsuné America 2	INDIFFERENT	2:58	HJoQhAqoZB8	MPREb_TA12NO9SXOo	UCtiBBGESRZ_I-khRHqXR3aQ
720	Dekire (feat. Oscar Key Sung)	Charles Murdoch		INDIFFERENT	3:14	b-UmLln_tuI		UCdoJV8VGr5IjqVq3bQqS_Cg
85	Dundas, Ontario	Caribou	Start Breaking My Heart (Special Edition)	INDIFFERENT	4:25	K7Bd3L2I9HU	MPREb_WD3tLvFsl6J	UC0Y8iKYiei1z6jPHHvZ6dQw
63	Distant Lights	Burial	Burial	INDIFFERENT	5:27	9uXt8JLPzt4	MPREb_GKhIxOKxEnv	UCQcNEJM-RtTiomfm8Avt5UQ
64	Night Bus	Burial	Burial	INDIFFERENT	2:21	Mo6kjljR-rs	MPREb_GKhIxOKxEnv	UCQcNEJM-RtTiomfm8Avt5UQ
65	U Hurt Me	Burial	Burial	INDIFFERENT	5:23	ey1euDYCAzw	MPREb_GKhIxOKxEnv	UCQcNEJM-RtTiomfm8Avt5UQ
66	Prayer	Burial	Burial	INDIFFERENT	3:46	Yej7jzhxDZU	MPREb_GKhIxOKxEnv	UCQcNEJM-RtTiomfm8Avt5UQ
67	Loner	Burial	Tunes 2011-2019	INDIFFERENT	7:29	MKsamTHVFWs	MPREb_vllTtQkDy0r	UCQcNEJM-RtTiomfm8Avt5UQ
68	Ashtray wasp	Burial	Tunes 2011-2019	INDIFFERENT	11:45	LEOBRQycFLg	MPREb_vllTtQkDy0r	UCQcNEJM-RtTiomfm8Avt5UQ
69	Stolen Dog	Burial	Tunes 2011-2019	INDIFFERENT	6:21	5sacIfLoXVI	MPREb_vllTtQkDy0r	UCQcNEJM-RtTiomfm8Avt5UQ
394	Forgive	Burial	Burial	INDIFFERENT	3:08	LlK8zePY3vc	MPREb_GKhIxOKxEnv	UCQcNEJM-RtTiomfm8Avt5UQ
687	Southern Comfort	Burial	Burial	INDIFFERENT	5:02	nDIPTPhQaE8	MPREb_GKhIxOKxEnv	UCQcNEJM-RtTiomfm8Avt5UQ
688	Prayer	Burial	Burial	INDIFFERENT	3:46	Yej7jzhxDZU	MPREb_GKhIxOKxEnv	UCQcNEJM-RtTiomfm8Avt5UQ
690	Dog Shelter	Burial	Late Night Tales: Cinematic Orchestra	INDIFFERENT	3:01	hFl4RwmEAIs	MPREb_NroAISNGmhp	UCQcNEJM-RtTiomfm8Avt5UQ
49	84 Pontiac Dream	Boards of Canada	The Campfire Headphase	INDIFFERENT	3:50	09HpKsLeOEw	MPREb_HDasNJ79Pyz	UCidyEq0ZC6rcqZmwKt_g_2g
51	Roygbiv	Boards of Canada	Warp20 (Chosen)	INDIFFERENT	2:30	62Bb6Mjbf_k	MPREb_wHDWMgNrPpD	UCidyEq0ZC6rcqZmwKt_g_2g
48	Dayvan Cowboy	Boards Of Canada	Trans Canada Highway	INDIFFERENT	5:02	ULvwVJEs_Cg	MPREb_c5Y76ufmzGa	UCidyEq0ZC6rcqZmwKt_g_2g
666	XYZ (Peel Session)	Boards Of Canada	WXAXRXP Sessions Sampler	INDIFFERENT	8:04	Niddx-bCSo8	MPREb_glgbW4VD6AE	UCidyEq0ZC6rcqZmwKt_g_2g
769	Dawn Chorus	Boards Of Canada	Geogaddi	INDIFFERENT	3:56	fk4MFI-u2tI	MPREb_GR19tfS76CP	UCidyEq0ZC6rcqZmwKt_g_2g
47	Pretentious	Bibio	Mind Bokeh	INDIFFERENT	6:03	B_ef3ots-Tw	MPREb_b2aEb3wMbxa	UCuJ1ytddNReUXXZb3QPNEtg
768	The First Daffodils	Bibio	Silver Wilkinson	INDIFFERENT	2:58	pvH7B_Yzl-M	MPREb_7NyCded4VAx	UCuJ1ytddNReUXXZb3QPNEtg
40	Nil	Autechre	Amber	INDIFFERENT	7:49	qxeIMYRZEUI	MPREb_4Pg4ZKVlHM0	UCBUAlfIrcw1f0c4qGrYn3xA
41	Eutow	Autechre	Tri Repetae	INDIFFERENT	4:16	13ZJ4_y30Ok	MPREb_skz5xguq2D3	UCBUAlfIrcw1f0c4qGrYn3xA
39	Reverse Running	Atoms For Peace	AMOK	INDIFFERENT	5:07	ZudLBB8LvKk	MPREb_hFRUUZzq6WG	UCH8GCZswXI_oCaR-ByiXnmg
31	Orban Eq Trx 4	Aphex Twin	Drukqs	INDIFFERENT	1:36	GTWMHic_peI	MPREb_dtnEDOphZmE	UCWmnkYUzoOiOztmPBhIlZjg
714	Fantasy	Alina Baraz	The Land (Music from the Motion Picture)	INDIFFERENT	3:41	3b4Yj8jMReo	MPREb_KCi44KonDKk	UC7MnunUSU2eHuhkqydJMFUw
527	LKJ	A.A.L. (Against All Logic)	Against All Logic	INDIFFERENT	4:59	kpf5YfWF88g	FEmusic_library_privately_owned_release_detailb_po_CKCA4sLKgvb7CBIRYWdhaW5zdCBhbGwgbG9naWMaFWFhbCBhZ2FpbnN0IGFsbCBsb2dpYyIDZ3Bt	FEmusic_library_privately_owned_artist_detaila_po_CKCA4sLKgvb7CBIVYWFsIGFnYWluc3QgYWxsIGxvZ2lj
674	Heal	hellacello	Dream Talk		4:12	jfuUCxlrR6Q		
446	Mosaix	Pangaea	Bear Witness		4:40	gQXwnL6A8Ks		
735	IKnowUKnow (Instrumental)	God.Damn.Chan	VEIB: Director's Cut [instrumentals]		3:32	UnL3JtNMlvQ		
113	Gold	Darkstar	North		4:21	_h9CsESPFlU		
820	Deadness	Darkstar	North		4:40	_1bpXi3ZyNI		
86	Tits And Ass: The Great Canadian Weekend	Caribou	Start Breaking My Heart		4:49	qvMSio_GDh8		
75	Moth	Burial + Four Tet	DJ-KiCKS			5dwA-pF37cs		
29	Ghost Hardware	Burial	Untrue		4:56	XoPWr0jRzTQ		
70	Archangel	Burial	Untrue		4:01	afyABj8oFVI		
71	Near Dark	Burial	Untrue		3:57	_Fw-HI-WfmM		
72	Endorphin	Burial	Untrue		3:00	QSGqcAk-ijU		
73	UK	Burial	Untrue		1:43	2byE1hYwAJY		
74	Raver	Burial	Untrue		5:00	qRjh_tycRH0		
689	In McDonalds	Burial	Untrue		2:07	8GjESYARiJU		
393	Boston Common	Bonobo	fabric Presents Bonobo		4:49	nCg72rvhNhg		
686	Flicker	Bonobo	fabric Presents Bonobo		5:46	hoVxjP30q9k		
117	Homesick (Original Mix)	Big Room Academy	Majectic Sound, Vol. 32		6:01	uSV7rSt2oBg		
